date,open,high,low,close,volume,adj_close
2024-06-18 00:00:00,2.95,3.15,2.92,2.965,41500,2.965
2024-06-20 00:00:00,3.25,3.25,3.01,3.13,142500,3.13
2024-06-21 00:00:00,3.02,3.117,2.78,2.82,53200,2.82
2024-06-24 00:00:00,2.77,3.05,2.77,2.99,15800,2.99
2024-06-25 00:00:00,3.05,3.35,3.01,3.24,107500,3.24
2024-06-26 00:00:00,3.15,3.39,2.95,3.1,34900,3.1
2024-06-27 00:00:00,3.2,3.23,3.07,3.23,15700,3.23
2024-06-28 00:00:00,3.267,3.59,3.267,3.53,67000,3.53
2024-07-01 00:00:00,3.5,3.585,3.38,3.45,43800,3.45
2024-07-02 00:00:00,3.43,3.43,3.28,3.31,6400,3.31
2024-07-03 00:00:00,3.33,3.33,3.32,3.32,1200,3.32
2024-07-05 00:00:00,3.27,3.4,3.27,3.4,4000,3.4
2024-07-08 00:00:00,3.41,3.6,3.41,3.44,42300,3.44
2024-07-09 00:00:00,3.59,3.59,3.45,3.51,19400,3.51
2024-07-10 00:00:00,3.6,3.86,3.51,3.66,112300,3.66
2024-07-11 00:00:00,3.56,3.9,3.56,3.8,39500,3.8
2024-07-12 00:00:00,3.9,3.93,3.796,3.835,11200,3.835
2024-07-15 00:00:00,3.92,4.15,3.861,4.07,28500,4.07
2024-07-16 00:00:00,4.06,4.405,4.025,4.22,86000,4.22
2024-07-17 00:00:00,4.31,4.31,3.45,3.57,189600,3.57
2024-07-18 00:00:00,3.53,3.849,3.53,3.8,10700,3.8
2024-07-19 00:00:00,3.8,3.8,3.65,3.741,8300,3.741
2024-07-22 00:00:00,3.7,3.76,3.566,3.66,22300,3.66
2024-07-23 00:00:00,3.66,3.82,3.61,3.715,35100,3.715
2024-07-24 00:00:00,3.65,3.654,3.04,3.13,91500,3.13
2024-07-25 00:00:00,3.24,3.24,3.07,3.08,15200,3.08
2024-07-26 00:00:00,3.13,3.24,3.02,3.24,19400,3.24
2024-07-29 00:00:00,3.25,3.255,3.17,3.21,11100,3.21
2024-07-30 00:00:00,3.19,3.55,3.19,3.49,30800,3.49
2024-07-31 00:00:00,3.59,3.59,3.35,3.38,12500,3.38
2024-08-01 00:00:00,3.36,3.36,3.06,3.23,14000,3.23
2024-08-02 00:00:00,3.1,3.219,3.022,3.12,9100,3.12
2024-08-05 00:00:00,3.0,3.0,2.54,2.7,34900,2.7
2024-08-06 00:00:00,2.94,2.94,2.71,2.77,10700,2.77
2024-08-07 00:00:00,2.8,2.85,2.66,2.68,11600,2.68
2024-08-08 00:00:00,2.74,3.0,2.71,2.9,30100,2.9
2024-08-09 00:00:00,3.0,3.0,2.75,2.925,8000,2.925
2024-08-12 00:00:00,2.99,3.08,2.88,2.98,20700,2.98
2024-08-13 00:00:00,3.0,3.0,2.81,2.93,9200,2.93
2024-08-14 00:00:00,2.86,2.9,2.81,2.9,7100,2.9
2024-08-15 00:00:00,2.95,3.11,2.85,3.0,64400,3.0
2024-08-16 00:00:00,3.0,3.18,2.9,2.95,49400,2.95
2024-08-19 00:00:00,2.94,2.94,2.76,2.836,23100,2.836
2024-08-20 00:00:00,2.86,2.86,2.6,2.79,15300,2.79
2024-08-21 00:00:00,2.8,2.85,2.6,2.85,9600,2.85
2024-08-22 00:00:00,2.9,3.483,2.9,2.96,62300,2.96
2024-08-23 00:00:00,3.0,3.0,2.85,2.86,25800,2.86
2024-08-26 00:00:00,2.9,2.966,2.787,2.84,7600,2.84
2024-08-27 00:00:00,2.97,3.14,2.86,2.95,104100,2.95
2024-08-28 00:00:00,3.0,3.0,2.836,2.91,32000,2.91
2024-08-29 00:00:00,2.89,2.91,2.78,2.798,14500,2.798
2024-08-30 00:00:00,2.779,2.89,2.72,2.72,6400,2.72
2024-09-03 00:00:00,2.75,2.89,2.62,2.85,18800,2.85
2024-09-04 00:00:00,2.85,2.97,2.85,2.97,8900,2.97
2024-09-05 00:00:00,3.0,3.0,2.856,2.897,13500,2.897
2024-09-06 00:00:00,2.97,3.04,2.85,3.0,19600,3.0
2024-09-09 00:00:00,3.0,3.01,2.801,2.94,16300,2.94
2024-09-10 00:00:00,3.0,3.0,2.84,2.94,14100,2.94
2024-09-11 00:00:00,2.99,2.99,2.827,2.948,6400,2.948
2024-09-12 00:00:00,2.99,3.05,2.91,2.99,19100,2.99
2024-09-13 00:00:00,3.01,3.029,2.93,2.97,21400,2.97
2024-09-16 00:00:00,2.94,3.05,2.73,2.86,323500,2.86
2024-09-17 00:00:00,2.88,3.0,2.76,2.99,69300,2.99
2024-09-18 00:00:00,3.0,3.04,2.94,2.94,152300,2.94
2024-09-19 00:00:00,3.0,3.01,2.81,2.994,35500,2.994
2024-09-20 00:00:00,2.88,2.944,2.81,2.84,32400,2.84
2024-09-23 00:00:00,2.82,2.938,2.69,2.783,39700,2.783
2024-09-24 00:00:00,2.78,2.87,2.68,2.725,20700,2.725
2024-09-25 00:00:00,2.7,2.7,2.25,2.39,41700,2.39
2024-09-26 00:00:00,2.45,2.82,2.35,2.46,34400,2.46
2024-09-27 00:00:00,2.47,2.578,2.342,2.45,19900,2.45
2024-09-30 00:00:00,2.36,2.6,2.36,2.48,75400,2.48
2024-10-01 00:00:00,2.5,2.52,2.35,2.4,15500,2.4
2024-10-02 00:00:00,2.383,2.41,2.35,2.36,9000,2.36
2024-10-03 00:00:00,2.42,2.42,2.15,2.23,19500,2.23
2024-10-04 00:00:00,2.26,2.28,2.02,2.15,17200,2.15
2024-10-07 00:00:00,2.06,2.17,1.835,1.915,19000,1.915
2024-10-08 00:00:00,1.86,2.157,1.86,2.03,46400,2.03
2024-10-09 00:00:00,2.04,2.1,1.97,2.02,22700,2.02
2024-10-10 00:00:00,1.98,2.09,1.902,2.037,12900,2.037
2024-10-11 00:00:00,1.908,2.03,1.908,1.988,9200,1.988
2024-10-14 00:00:00,1.95,2.05,1.94,1.98,10500,1.98
2024-10-15 00:00:00,1.921,1.96,1.89,1.928,20200,1.928
2024-10-16 00:00:00,1.99,2.5,1.93,2.5,102800,2.5
2024-10-17 00:00:00,2.42,2.68,2.282,2.35,96000,2.35
2024-10-18 00:00:00,2.35,2.49,2.18,2.19,22300,2.19
2024-10-21 00:00:00,2.17,2.28,2.041,2.14,32700,2.14
2024-10-22 00:00:00,2.081,2.145,2.05,2.07,15700,2.07
2024-10-23 00:00:00,2.15,2.2,2.001,2.054,25700,2.054
2024-10-24 00:00:00,2.04,2.1,1.975,2.006,33800,2.006
2024-10-25 00:00:00,2.05,2.05,1.89,1.95,43800,1.95
2024-10-28 00:00:00,1.96,2.0,1.85,1.98,41300,1.98
2024-10-29 00:00:00,1.98,2.04,1.89,2.03,37900,2.03
2024-10-30 00:00:00,5.71,6.39,3.08,3.43,61346300,3.43
2024-10-31 00:00:00,3.26,3.3,2.51,2.85,1109400,2.85
2024-11-01 00:00:00,2.74,3.17,2.65,2.69,387800,2.69
2024-11-04 00:00:00,2.6,3.063,2.45,2.95,203600,2.95
2024-11-05 00:00:00,2.79,2.99,2.74,2.77,110100,2.77
2024-11-06 00:00:00,2.91,2.95,2.76,2.8,159300,2.8
2024-11-07 00:00:00,2.83,2.83,2.336,2.43,100800,2.43
2024-11-08 00:00:00,2.4,2.47,2.265,2.37,62600,2.37
2024-11-11 00:00:00,2.32,2.32,2.205,2.26,54300,2.26
2024-11-12 00:00:00,2.27,2.3,2.15,2.15,109000,2.15
2024-11-13 00:00:00,2.06,2.33,1.9,2.18,1274600,2.18
2024-11-14 00:00:00,2.25,2.29,2.1,2.23,169000,2.23
2024-11-15 00:00:00,2.14,2.31,2.12,2.17,68500,2.17
2024-11-18 00:00:00,2.31,2.42,1.85,2.37,8768100,2.37
2024-11-19 00:00:00,2.27,2.56,2.18,2.43,222300,2.43
2024-11-20 00:00:00,2.4,2.59,2.3,2.5,174100,2.5
2024-11-21 00:00:00,2.42,2.73,2.36,2.61,102600,2.61
2024-11-22 00:00:00,2.67,2.702,2.46,2.56,106800,2.56
2024-11-25 00:00:00,2.57,2.65,2.45,2.45,71600,2.45
2024-11-26 00:00:00,2.45,2.45,2.26,2.3,27000,2.3
2024-11-27 00:00:00,2.39,2.41,2.26,2.26,37400,2.26
2024-11-29 00:00:00,2.26,2.26,2.02,2.08,69100,2.08
2024-12-02 00:00:00,2.09,2.36,2.04,2.21,204100,2.21
2024-12-03 00:00:00,2.2,2.3,2.15,2.2,20500,2.2
2024-12-04 00:00:00,2.16,2.2,2.11,2.15,23600,2.15
2024-12-05 00:00:00,2.1,2.13,2.03,2.03,40200,2.03
2024-12-06 00:00:00,2.05,2.27,2.04,2.25,2583700,2.25
2024-12-09 00:00:00,2.28,2.49,2.12,2.31,549700,2.31
2024-12-10 00:00:00,2.12,2.29,2.09,2.17,178600,2.17
2024-12-11 00:00:00,2.2,2.33,2.1,2.22,98700,2.22
2024-12-12 00:00:00,2.16,2.25,2.14,2.18,24800,2.18
2024-12-13 00:00:00,2.12,2.19,2.118,2.14,21300,2.14
2024-12-16 00:00:00,2.13,2.27,2.1,2.17,69800,2.17
2024-12-17 00:00:00,2.19,2.19,2.1,2.18,39100,2.18
2024-12-18 00:00:00,2.19,2.19,2.09,2.1,14200,2.1
2024-12-19 00:00:00,2.13,2.17,2.08,2.1,65700,2.1
2024-12-20 00:00:00,2.1,2.17,2.07,2.07,28300,2.07
2024-12-23 00:00:00,2.07,2.1,2.04,2.09,65000,2.09
2024-12-24 00:00:00,2.09,2.27,2.07,2.13,57500,2.13
2024-12-26 00:00:00,2.11,2.18,2.1,2.15,45200,2.15
2024-12-27 00:00:00,2.18,2.18,2.0,2.06,144200,2.06
2024-12-30 00:00:00,2.03,2.12,2.03,2.05,45400,2.05
2024-12-31 00:00:00,2.07,2.11,2.01,2.03,27100,2.03
2025-01-02 00:00:00,2.04,2.14,2.04,2.05,28800,2.05
2025-01-03 00:00:00,2.05,2.119,2.05,2.08,15900,2.08
2025-01-06 00:00:00,2.16,2.16,2.08,2.1,22200,2.1
2025-01-07 00:00:00,2.11,2.26,2.11,2.238,68400,2.238
2025-01-08 00:00:00,2.3,2.3,2.135,2.17,66300,2.17
2025-01-10 00:00:00,2.07,2.127,2.0,2.05,51700,2.05
2025-01-13 00:00:00,2.0,2.058,1.88,1.93,111700,1.93
2025-01-14 00:00:00,1.87,2.01,1.86,1.97,42300,1.97
2025-01-15 00:00:00,2.0,2.059,1.979,1.99,8500,1.99
2025-01-16 00:00:00,2.02,2.03,1.98,2.0,12200,2.0
2025-01-17 00:00:00,2.014,2.03,1.97,2.03,33400,2.03
2025-01-21 00:00:00,2.0,2.11,2.0,2.11,74600,2.11
2025-01-22 00:00:00,2.07,2.08,1.96,2.0,143200,2.0
2025-01-23 00:00:00,1.99,2.2,1.99,2.16,46900,2.16
2025-01-24 00:00:00,2.12,2.158,2.02,2.07,37200,2.07
2025-01-27 00:00:00,2.1,2.1,2.0,2.01,20500,2.01
2025-01-28 00:00:00,2.034,2.06,1.95,1.975,51300,1.975
2025-01-29 00:00:00,1.97,1.99,1.97,1.99,16800,1.99
2025-01-30 00:00:00,1.99,2.045,1.95,1.98,23400,1.98
2025-01-31 00:00:00,1.98,2.02,1.95,1.96,21400,1.96
2025-02-03 00:00:00,1.99,2.04,1.96,2.0,37000,2.0
2025-02-04 00:00:00,2.0,2.05,1.96,2.02,21200,2.02
2025-02-05 00:00:00,2.02,2.03,1.977,2.0,12300,2.0
2025-02-06 00:00:00,1.972,2.105,1.972,2.06,11700,2.06
2025-02-07 00:00:00,2.06,2.06,1.97,1.97,12000,1.97
2025-02-10 00:00:00,1.96,1.97,1.9,1.9,38000,1.9
2025-02-11 00:00:00,1.947,1.947,1.86,1.91,28300,1.91
2025-02-12 00:00:00,1.91,1.939,1.871,1.89,10100,1.89
2025-02-13 00:00:00,1.87,1.927,1.87,1.9,19000,1.9
2025-02-14 00:00:00,1.88,1.942,1.88,1.9,11600,1.9
2025-02-18 00:00:00,1.95,1.95,1.86,1.89,15600,1.89
2025-02-19 00:00:00,1.87,1.93,1.87,1.93,4800,1.93
2025-02-20 00:00:00,1.93,1.93,1.86,1.863,9700,1.863
2025-02-21 00:00:00,1.89,1.9,1.86,1.9,16200,1.9
2025-02-24 00:00:00,1.86,1.882,1.69,1.69,49600,1.69
2025-02-25 00:00:00,1.69,1.7,1.4,1.41,63200,1.41
2025-02-26 00:00:00,1.39,1.519,1.39,1.51,33500,1.51
2025-02-27 00:00:00,1.48,1.52,1.44,1.45,19600,1.45
2025-02-28 00:00:00,1.44,1.475,1.36,1.43,49300,1.43
2025-03-03 00:00:00,1.45,1.48,1.35,1.45,73200,1.45
2025-03-04 00:00:00,1.37,1.49,1.28,1.49,707100,1.49
2025-03-05 00:00:00,1.45,1.59,1.351,1.59,48000,1.59
2025-03-06 00:00:00,1.52,1.65,1.52,1.57,21800,1.57
2025-03-07 00:00:00,1.49,1.6,1.47,1.52,10200,1.52
2025-03-10 00:00:00,1.51,1.56,1.46,1.53,24100,1.53
2025-03-11 00:00:00,1.52,1.52,1.42,1.43,19200,1.43
2025-03-12 00:00:00,1.42,1.459,1.4,1.41,10600,1.41
2025-03-13 00:00:00,1.475,1.475,1.357,1.45,6700,1.45
2025-03-14 00:00:00,1.45,1.47,1.45,1.45,10000,1.45
2025-03-17 00:00:00,1.415,1.43,1.39,1.404,7000,1.404
2025-03-18 00:00:00,1.39,1.47,1.382,1.42,1900,1.42
2025-03-19 00:00:00,1.47,1.48,1.47,1.48,700,1.48
2025-03-20 00:00:00,1.429,1.55,1.429,1.55,5900,1.55
2025-03-21 00:00:00,1.49,1.5,1.43,1.44,16600,1.44
2025-03-24 00:00:00,1.36,1.689,1.32,1.53,1352900,1.53
2025-03-25 00:00:00,1.47,1.62,1.4,1.46,42700,1.46
2025-03-26 00:00:00,1.49,1.54,1.415,1.44,17500,1.44
2025-03-27 00:00:00,1.412,1.461,1.36,1.36,25400,1.36
2025-03-28 00:00:00,1.36,1.505,1.331,1.41,11500,1.41
2025-03-31 00:00:00,1.25,1.65,1.2,1.36,997300,1.36
2025-04-01 00:00:00,1.42,1.42,1.28,1.28,73600,1.28
2025-04-02 00:00:00,1.255,1.47,1.25,1.29,67300,1.29
2025-04-03 00:00:00,1.25,1.29,1.14,1.25,22800,1.25
2025-04-04 00:00:00,1.19,1.24,1.17,1.175,65000,1.175
2025-04-07 00:00:00,1.15,1.26,0.952,1.17,506200,1.17
2025-04-08 00:00:00,1.155,1.187,1.05,1.08,44600,1.08
2025-04-09 00:00:00,1.045,1.2,1.025,1.051,33400,1.051
2025-04-10 00:00:00,1.05,1.08,1.05,1.06,16400,1.06
2025-04-11 00:00:00,1.085,1.164,1.06,1.15,22400,1.15
2025-04-14 00:00:00,1.14,1.185,1.082,1.175,11000,1.175
2025-04-15 00:00:00,1.18,1.22,1.1,1.15,11300,1.15
2025-04-16 00:00:00,1.18,1.18,1.097,1.1,4400,1.1
2025-04-17 00:00:00,1.12,1.13,1.115,1.13,4300,1.13
2025-04-21 00:00:00,1.13,1.26,1.05,1.15,21600,1.15
2025-04-22 00:00:00,1.19,1.19,1.12,1.17,6300,1.17
2025-04-23 00:00:00,1.17,1.24,1.16,1.205,12100,1.205
2025-04-24 00:00:00,1.28,1.28,1.205,1.205,7000,1.205
2025-04-25 00:00:00,1.23,1.23,1.19,1.2,7900,1.2
2025-04-28 00:00:00,1.2,1.4,1.095,1.36,1920800,1.36
2025-04-29 00:00:00,1.4,1.5,1.28,1.48,291700,1.48
2025-04-30 00:00:00,1.63,1.75,1.48,1.73,539100,1.73
2025-05-01 00:00:00,1.76,1.89,1.51,1.55,324000,1.55
2025-05-02 00:00:00,1.53,1.575,1.413,1.53,143600,1.53
2025-05-05 00:00:00,1.54,1.68,1.52,1.56,97500,1.56
2025-05-06 00:00:00,1.49,1.68,1.49,1.65,384700,1.65
2025-05-07 00:00:00,1.66,1.66,1.48,1.54,59400,1.54
2025-05-08 00:00:00,1.58,1.58,1.41,1.49,68500,1.49
2025-05-09 00:00:00,1.5,1.528,1.48,1.51,6300,1.51
2025-05-12 00:00:00,1.45,1.581,1.45,1.56,41500,1.56
2025-05-13 00:00:00,1.56,1.57,1.43,1.44,28700,1.44
2025-05-14 00:00:00,1.41,1.445,1.32,1.4,36500,1.4
2025-05-15 00:00:00,1.36,1.38,1.26,1.325,40100,1.325
2025-05-16 00:00:00,1.27,1.36,1.263,1.33,25500,1.33
2025-05-19 00:00:00,1.35,1.497,1.28,1.434,65600,1.434
2025-05-20 00:00:00,1.505,1.505,1.4,1.48,26600,1.48
2025-05-21 00:00:00,1.43,1.48,1.35,1.35,8400,1.35
2025-05-22 00:00:00,1.38,1.39,1.35,1.37,3800,1.37
2025-05-23 00:00:00,1.39,1.39,1.289,1.358,42100,1.358
2025-05-27 00:00:00,1.32,1.45,1.32,1.43,5700,1.43
2025-05-28 00:00:00,1.39,1.44,1.388,1.415,12700,1.415
2025-05-29 00:00:00,1.38,1.489,1.38,1.48,6800,1.48
2025-05-30 00:00:00,1.49,1.5,1.4,1.452,22700,1.452
2025-06-02 00:00:00,1.44,1.49,1.416,1.48,7200,1.48
2025-06-03 00:00:00,1.48,1.62,1.41,1.56,84900,1.56
2025-06-04 00:00:00,1.57,1.59,1.55,1.576,8000,1.576
2025-06-05 00:00:00,1.64,1.64,1.46,1.51,28500,1.51
2025-06-06 00:00:00,1.46,1.51,1.43,1.51,23500,1.51
2025-06-09 00:00:00,1.56,1.64,1.55,1.6,39000,1.6
2025-06-10 00:00:00,1.65,1.68,1.55,1.59,76000,1.59
2025-06-11 00:00:00,1.67,1.67,1.531,1.57,8000,1.57
2025-06-12 00:00:00,1.53,1.6,1.35,1.37,111300,1.37
2025-06-13 00:00:00,1.29,1.41,1.26,1.29,40500,1.29
2025-06-16 00:00:00,1.33,1.39,1.32,1.32,14300,1.32
2025-06-17 00:00:00,1.58,1.58,1.3,1.44,30300,1.44
2025-06-18 00:00:00,1.428,1.45,1.37,1.43,5400,1.43
2025-06-20 00:00:00,1.46,1.46,1.33,1.34,29700,1.34
2025-06-23 00:00:00,1.36,1.36,1.3,1.31,22100,1.31
2025-06-24 00:00:00,1.4,1.54,1.38,1.537,74600,1.537
2025-06-25 00:00:00,1.59,1.75,1.53,1.66,111800,1.66
2025-06-26 00:00:00,1.76,1.78,1.611,1.76,52800,1.76
2025-06-27 00:00:00,1.78,1.849,1.72,1.803,41400,1.803
2025-06-30 00:00:00,1.83,1.95,1.79,1.94,68400,1.94
2025-07-01 00:00:00,1.96,1.96,1.73,1.78,51200,1.78
2025-07-02 00:00:00,1.8,1.85,1.748,1.82,17000,1.82
2025-07-03 00:00:00,1.85,1.87,1.729,1.86,12500,1.86
2025-07-07 00:00:00,1.84,1.86,1.6,1.69,75300,1.69
2025-07-08 00:00:00,1.701,1.849,1.701,1.76,9300,1.76
2025-07-09 00:00:00,1.76,1.88,1.73,1.76,14700,1.76
2025-07-10 00:00:00,1.78,1.79,1.7,1.77,24000,1.77
2025-07-11 00:00:00,1.78,1.8,1.71,1.73,18500,1.73
2025-07-14 00:00:00,1.75,1.81,1.65,1.69,109400,1.69
2025-07-15 00:00:00,1.73,1.82,1.6,1.68,124500,1.68
2025-07-16 00:00:00,1.65,1.69,1.61,1.63,45500,1.63
2025-07-17 00:00:00,1.63,1.742,1.63,1.65,42900,1.65
2025-07-18 00:00:00,1.71,1.75,1.665,1.69,70300,1.69
2025-07-21 00:00:00,1.7,1.7,1.65,1.664,83800,1.664
2025-07-22 00:00:00,1.64,1.679,1.62,1.62,10000,1.62
2025-07-23 00:00:00,1.61,1.661,1.61,1.66,19300,1.66
2025-07-24 00:00:00,1.613,1.645,1.5,1.53,36000,1.53
2025-07-25 00:00:00,1.54,1.54,1.494,1.494,30800,1.494
2025-07-28 00:00:00,1.516,1.527,1.456,1.46,14400,1.46
2025-07-29 00:00:00,1.47,1.472,1.34,1.34,60700,1.34
2025-07-30 00:00:00,1.31,1.34,1.31,1.32,38300,1.32
2025-07-31 00:00:00,1.32,1.32,1.245,1.245,11900,1.245
2025-08-01 00:00:00,1.25,1.26,1.21,1.24,17200,1.24
2025-08-04 00:00:00,1.239,1.36,1.239,1.33,63200,1.33
2025-08-05 00:00:00,1.3,1.35,1.2,1.22,81600,1.22
2025-08-06 00:00:00,1.24,1.259,1.2,1.21,20600,1.21
2025-08-07 00:00:00,1.26,1.32,1.222,1.26,18000,1.26
2025-08-08 00:00:00,1.26,1.26,1.234,1.234,6300,1.234
2025-08-11 00:00:00,1.27,1.3,1.174,1.2,44500,1.2
2025-08-12 00:00:00,1.22,1.41,1.22,1.4,51800,1.4
2025-08-13 00:00:00,1.47,1.66,1.28,1.32,1673300,1.32
2025-08-14 00:00:00,1.27,1.32,1.15,1.32,79800,1.32
2025-08-15 00:00:00,1.26,1.35,1.26,1.35,23600,1.35
2025-08-18 00:00:00,1.37,1.37,1.27,1.3,32000,1.3
2025-08-19 00:00:00,1.26,1.265,1.081,1.17,126400,1.17
2025-08-20 00:00:00,1.415,4.05,1.34,3.59,367092800,3.59
2025-08-21 00:00:00,4.965,6.09,4.13,4.97,113566500,4.97
2025-08-22 00:00:00,4.5,5.34,4.31,4.72,12839700,4.72
2025-08-25 00:00:00,4.97,9.08,4.8,7.71,79523200,7.71
2025-08-26 00:00:00,7.95,8.05,5.76,6.11,9987400,6.11
2025-08-27 00:00:00,5.65,6.04,4.94,4.96,4239200,4.96
2025-08-28 00:00:00,4.98,7.18,4.98,6.05,20284100,6.05
2025-08-29 00:00:00,6.49,7.25,5.76,5.95,5506400,5.95
2025-09-02 00:00:00,5.555,5.8,5.1,5.2,1619500,5.2
2025-09-03 00:00:00,5.12,5.23,4.54,4.77,1291500,4.77
2025-09-04 00:00:00,4.72,4.77,3.7,3.99,1608300,3.99
2025-09-05 00:00:00,4.19,4.7,3.571,3.68,2414900,3.68
2025-09-08 00:00:00,3.51,3.63,2.942,2.96,1395400,2.96
2025-09-09 00:00:00,2.83,3.14,2.75,2.79,991900,2.79
2025-09-10 00:00:00,2.81,3.46,2.81,3.05,1824200,3.05
2025-09-11 00:00:00,2.92,3.2,2.92,3.13,823100,3.13
2025-09-12 00:00:00,3.32,3.46,3.13,3.14,730100,3.14
2025-09-15 00:00:00,3.12,3.259,2.822,2.94,633400,2.94
2025-09-16 00:00:00,2.98,2.99,2.81,2.88,350100,2.88
2025-09-17 00:00:00,2.79,2.87,2.54,2.68,747300,2.68
2025-09-18 00:00:00,2.79,2.79,2.58,2.66,436400,2.66
2025-09-19 00:00:00,2.6,3.89,2.53,3.6,3881300,3.6
2025-09-22 00:00:00,3.13,3.16,2.79,2.91,1047100,2.91
2025-09-23 00:00:00,2.91,2.923,2.82,2.82,272300,2.82
2025-09-24 00:00:00,2.73,3.33,2.62,2.96,1335900,2.96
2025-09-25 00:00:00,2.89,2.97,2.82,2.91,273200,2.91
2025-09-26 00:00:00,3.03,3.08,2.91,3.02,233100,3.02
2025-09-29 00:00:00,3.01,3.14,2.89,2.9,213500,2.9
2025-09-30 00:00:00,2.98,2.98,2.81,2.84,149200,2.84
2025-10-01 00:00:00,2.86,3.162,2.85,3.15,329300,3.15
2025-10-02 00:00:00,3.04,3.175,2.98,3.05,267100,3.05
2025-10-03 00:00:00,3.09,3.103,2.9,2.91,162700,2.91
2025-10-06 00:00:00,2.95,3.05,2.92,3.03,217900,3.03
2025-10-07 00:00:00,2.93,3.08,2.88,3.02,275100,3.02
2025-10-08 00:00:00,3.05,3.399,2.966,3.18,516200,3.18
2025-10-09 00:00:00,3.23,3.24,3.1,3.16,247500,3.16
2025-10-10 00:00:00,3.22,3.52,2.95,2.98,638600,2.98
2025-10-13 00:00:00,2.85,2.999,2.78,2.92,215500,2.92
2025-10-14 00:00:00,2.92,3.15,2.8,3.12,138200,3.12
2025-10-15 00:00:00,3.12,3.3,3.08,3.16,282200,3.16
2025-10-16 00:00:00,3.16,3.2,2.814,2.88,343900,2.88
2025-10-17 00:00:00,2.88,2.97,2.79,2.87,127500,2.87
2025-10-20 00:00:00,2.94,3.18,2.908,3.16,240800,3.16
2025-10-21 00:00:00,3.07,3.16,2.95,2.99,223800,2.99
2025-10-22 00:00:00,3.1,3.1,2.68,2.7,395700,2.7
2025-10-23 00:00:00,2.8,2.908,2.77,2.9,236400,2.9
2025-10-24 00:00:00,2.93,3.2,2.9,3.09,303400,3.09
2025-10-27 00:00:00,3.13,3.21,2.98,3.09,209300,3.09
2025-10-28 00:00:00,3.05,3.17,2.89,2.93,216800,2.93
2025-10-29 00:00:00,2.95,3.04,2.88,3.0,171300,3.0
2025-10-30 00:00:00,3.001,3.049,2.95,2.97,114500,2.97
2025-10-31 00:00:00,3.0,3.0,2.85,2.95,84900,2.95
2025-11-03 00:00:00,6.76,6.89,3.01,3.2,46708100,3.2
2025-11-04 00:00:00,3.06,3.5,3.02,3.24,1326800,3.24
2025-11-05 00:00:00,3.25,4.53,3.25,3.99,4955900,3.99
2025-11-06 00:00:00,3.96,4.26,3.65,4.15,1025400,4.15
2025-11-07 00:00:00,3.73,5.27,3.73,4.19,6199600,4.19
2025-11-10 00:00:00,4.28,4.28,3.56,3.67,788800,3.67
2025-11-11 00:00:00,3.72,3.8,3.225,3.3,697300,3.3
2025-11-12 00:00:00,3.31,3.36,3.15,3.22,693900,3.22
2025-11-13 00:00:00,3.0,3.12,2.82,3.01,3647500,3.01
2025-11-14 00:00:00,2.98,3.12,2.83,2.91,646100,2.91
2025-11-17 00:00:00,2.87,3.0,2.72,2.78,533900,2.78
2025-11-18 00:00:00,2.68,2.776,2.51,2.64,424600,2.64
2025-11-19 00:00:00,2.65,2.72,2.46,2.49,367700,2.49
2025-11-20 00:00:00,2.46,2.535,2.181,2.25,407400,2.25
2025-11-21 00:00:00,2.24,2.48,2.19,2.45,254900,2.45
2025-11-24 00:00:00,2.45,2.55,2.37,2.54,183100,2.54
2025-11-25 00:00:00,2.45,2.54,2.41,2.51,99300,2.51
2025-11-26 00:00:00,2.41,2.575,2.35,2.56,248500,2.56
2025-11-28 00:00:00,2.56,2.82,2.519,2.6,341800,2.6
2025-12-01 00:00:00,2.55,2.55,2.36,2.36,132000,2.36
2025-12-02 00:00:00,2.39,2.48,2.37,2.37,111700,2.37
2025-12-03 00:00:00,2.52,2.52,2.39,2.49,336000,2.49
2025-12-04 00:00:00,2.5,2.551,2.45,2.47,200800,2.47
2025-12-05 00:00:00,2.47,2.475,2.36,2.39,167500,2.39
2025-12-08 00:00:00,2.38,2.53,2.38,2.52,299700,2.52
2025-12-09 00:00:00,2.48,2.695,2.44,2.6,291000,2.6
2025-12-10 00:00:00,2.56,2.75,2.54,2.69,225800,2.69
2025-12-11 00:00:00,2.65,2.71,2.53,2.53,380900,2.53
2025-12-12 00:00:00,2.5,2.64,2.36,2.39,205200,2.39
2025-12-15 00:00:00,2.46,2.47,2.32,2.4,391600,2.4
2025-12-16 00:00:00,2.41,2.446,2.35,2.41,179700,2.41
2025-12-17 00:00:00,2.39,2.41,2.32,2.36,716700,2.36
2025-12-18 00:00:00,2.4,2.57,2.2,2.22,655000,2.22
2025-12-19 00:00:00,2.32,2.44,2.25,2.32,1398900,2.32
2025-12-22 00:00:00,2.54,2.58,2.37,2.49,723300,2.49
2025-12-23 00:00:00,2.49,2.49,2.38,2.45,264700,2.45
2025-12-24 00:00:00,2.48,2.62,2.43,2.56,240400,2.56
2025-12-26 00:00:00,2.49,2.59,2.49,2.59,134300,2.59
2025-12-29 00:00:00,2.65,2.89,2.6,2.82,748600,2.82
2025-12-30 00:00:00,2.94,3.2,2.82,2.99,1205700,2.99
2025-12-31 00:00:00,3.05,3.1,2.84,3.03,453400,3.03
2026-01-02 00:00:00,3.19,3.56,3.15,3.38,1108700,3.38
2026-01-05 00:00:00,3.42,3.44,3.02,3.19,909900,3.19
2026-01-06 00:00:00,3.19,3.27,2.95,3.09,557100,3.09
2026-01-07 00:00:00,3.09,3.09,2.94,3.01,354500,3.01
2026-01-08 00:00:00,3.01,3.035,2.88,2.91,405500,2.91
2026-01-09 00:00:00,2.94,2.98,2.77,2.79,341600,2.79
2026-01-12 00:00:00,2.85,3.03,2.84,3.01,392600,3.01
2026-01-13 00:00:00,3.05,3.05,2.76,2.89,449200,2.89
2026-01-14 00:00:00,2.92,3.09,2.82,3.06,303600,3.06
2026-01-15 00:00:00,3.04,3.041,2.88,2.96,350400,2.96
2026-01-16 00:00:00,2.94,3.03,2.91,2.92,288300,2.92
2026-01-20 00:00:00,2.84,3.05,2.83,2.92,563900,2.92
2026-01-21 00:00:00,2.95,2.96,2.71,2.79,475600,2.79
2026-01-22 00:00:00,2.87,3.06,2.8,3.01,486500,3.01
2026-01-23 00:00:00,3.02,3.09,2.92,2.96,360900,2.96
2026-01-26 00:00:00,3.06,3.33,2.96,3.23,1275100,3.23
2026-01-27 00:00:00,3.3,3.74,3.2,3.59,2315500,3.59
2026-01-28 00:00:00,3.63,4.23,3.63,4.05,2471900,4.05
2026-01-29 00:00:00,4.13,4.79,3.79,4.47,4188700,4.47
2026-01-30 00:00:00,4.37,5.0,3.971,4.89,3568000,4.89
2026-02-02 00:00:00,5.24,5.83,5.04,5.48,3423500,5.48
2026-02-03 00:00:00,5.68,5.8,5.05,5.37,2049900,5.37
2026-02-04 00:00:00,5.26,5.361,4.521,4.73,1871600,4.73
2026-02-05 00:00:00,4.35,4.49,3.85,3.93,1364900,3.93
2026-02-06 00:00:00,4.16,4.2,3.995,4.14,1100500,4.14
2026-02-09 00:00:00,4.1,4.4,3.82,4.37,1349100,4.37
2026-02-10 00:00:00,4.33,4.83,4.3,4.66,984600,4.66
2026-02-11 00:00:00,4.66,4.66,4.19,4.35,719100,4.35
2026-02-12 00:00:00,4.41,4.413,4.15,4.28,432500,4.28
2026-02-13 00:00:00,4.21,4.645,4.21,4.48,469400,4.48
2026-02-17 00:00:00,4.48,4.8,4.36,4.74,629200,4.74
2026-02-18 00:00:00,4.75,5.16,4.74,4.95,1005300,4.95
2026-02-19 00:00:00,4.84,4.84,4.43,4.51,769500,4.51
2026-02-20 00:00:00,4.55,4.88,4.52,4.68,798600,4.68
2026-02-23 00:00:00,4.65,5.07,4.44,4.89,921200,4.89
2026-02-24 00:00:00,4.8,5.03,4.66,4.71,726500,4.71
2026-02-25 00:00:00,4.77,5.19,4.56,5.13,961200,5.13
2026-02-26 00:00:00,5.14,5.265,4.88,5.02,688200,5.02
2026-02-27 00:00:00,4.93,5.1,4.85,5.07,337700,5.07
2026-03-02 00:00:00,4.85,5.22,4.76,5.14,718600,5.14
2026-03-03 00:00:00,4.98,4.98,4.6,4.62,606600,4.62
2026-03-04 00:00:00,4.58,4.815,4.465,4.68,618100,4.68
2026-03-05 00:00:00,4.6,4.81,4.425,4.5,786100,4.5
2026-03-06 00:00:00,4.49,4.57,4.43,4.48,318900,4.48
2026-03-09 00:00:00,4.35,4.61,4.26,4.45,600700,4.45
2026-03-10 00:00:00,4.47,4.78,4.41,4.66,489500,4.66
2026-03-11 00:00:00,4.65,4.76,4.53,4.65,267600,4.65
2026-03-12 00:00:00,4.59,4.6,4.18,4.195,462600,4.195
2026-03-13 00:00:00,4.34,4.39,4.02,4.07,505500,4.07
2026-03-16 00:00:00,4.19,4.396,3.92,4.05,588200,4.05
2026-03-17 00:00:00,4.05,4.2,3.93,3.95,334200,3.95
2026-03-18 00:00:00,4.0,4.01,3.46,3.505,1005000,3.505
2026-03-19 00:00:00,3.45,3.52,3.15,3.38,632500,3.38
2026-03-20 00:00:00,3.26,3.42,3.26,3.325,470800,3.325
2026-03-23 00:00:00,3.3,3.45,3.3,3.34,350500,3.34
2026-03-24 00:00:00,3.39,3.42,3.235,3.25,340700,3.25
2026-03-25 00:00:00,3.29,3.49,3.26,3.47,572200,3.47
2026-03-26 00:00:00,3.47,3.505,3.18,3.2,472400,3.2
2026-03-27 00:00:00,3.21,3.32,3.15,3.17,391500,3.17
2026-03-30 00:00:00,3.2,3.42,3.07,3.08,499600,3.08
2026-03-31 00:00:00,3.08,3.33,3.08,3.27,746300,3.27
2026-04-01 00:00:00,3.3,3.37,3.223,3.24,276600,3.24
2026-04-02 00:00:00,3.24,3.34,3.122,3.26,394800,3.26
2026-04-06 00:00:00,3.24,3.41,3.22,3.25,326000,3.25
2026-04-07 00:00:00,3.3,3.39,3.02,3.13,430900,3.13
2026-04-08 00:00:00,3.33,3.369,3.19,3.28,378600,3.28
2026-04-09 00:00:00,3.25,3.48,3.12,3.4,1405000,3.4
2026-04-10 00:00:00,3.48,3.49,2.98,2.985,1541400,2.985
2026-04-13 00:00:00,3.01,3.36,3.0,3.31,629500,3.31
2026-04-14 00:00:00,3.4,3.63,3.36,3.39,922000,3.39
2026-04-15 00:00:00,3.45,3.64,3.404,3.58,898200,3.58
2026-04-16 00:00:00,3.56,3.565,3.34,3.49,874400,3.49
2026-04-17 00:00:00,3.51,3.76,3.43,3.43,1096700,3.43
2026-04-20 00:00:00,3.38,3.55,3.36,3.51,320000,3.51
2026-04-21 00:00:00,3.55,3.58,3.31,3.32,354100,3.32
2026-04-22 00:00:00,3.34,3.59,3.32,3.55,632100,3.55
2026-04-23 00:00:00,3.52,3.57,3.32,3.37,281700,3.37
2026-04-24 00:00:00,3.39,3.482,3.311,3.41,285100,3.41
2026-04-27 00:00:00,3.4,3.41,3.28,3.31,269400,3.31
2026-04-28 00:00:00,3.3,3.485,3.26,3.3,668600,3.3
2026-04-29 00:00:00,3.31,3.31,3.08,3.12,631100,3.12
2026-04-30 00:00:00,3.13,3.27,3.01,3.23,482900,3.23
2026-05-01 00:00:00,3.22,3.31,3.16,3.23,336800,3.23
2026-05-04 00:00:00,3.23,3.325,3.09,3.16,671700,3.16
2026-05-05 00:00:00,3.16,3.24,3.13,3.23,227400,3.23
2026-05-06 00:00:00,3.2,3.25,3.13,3.2,343900,3.2
2026-05-07 00:00:00,3.2,3.22,2.91,2.98,667100,2.98
2026-05-08 00:00:00,3.01,3.07,2.89,3.02,355200,3.02
2026-05-11 00:00:00,3.03,3.35,3.02,3.19,780500,3.19
2026-05-12 00:00:00,3.19,3.32,3.17,3.27,323400,3.27
2026-05-13 00:00:00,3.28,3.54,3.26,3.51,641200,3.51
2026-05-14 00:00:00,3.59,3.876,3.53,3.75,851800,3.75
2026-05-15 00:00:00,3.6,3.735,3.5,3.62,431300,3.62
2026-05-18 00:00:00,3.63,3.71,3.175,3.26,890200,3.26
2026-05-19 00:00:00,3.24,3.37,3.155,3.265,357100,3.265
2026-05-20 00:00:00,3.25,3.33,3.17,3.25,260000,3.25
2026-05-21 00:00:00,3.2,3.37,3.17,3.35,264000,3.35
2026-05-22 00:00:00,3.36,3.65,3.34,3.52,610800,3.52
2026-05-26 00:00:00,3.52,3.594,3.28,3.29,382100,3.29
2026-05-27 00:00:00,3.29,3.56,3.22,3.23,551100,3.23
2026-05-28 00:00:00,3.18,3.25,3.081,3.11,631400,3.11
2026-05-29 00:00:00,3.15,3.23,3.01,3.1,754100,3.1
2026-06-01 00:00:00,3.135,3.3,2.79,2.805,1491600,2.805
2026-06-02 00:00:00,2.89,2.89,2.14,2.37,2615300,2.37
2026-06-03 00:00:00,2.5,2.61,2.35,2.45,657100,2.45
2026-06-04 00:00:00,2.42,2.56,2.38,2.45,669900,2.45
2026-06-05 00:00:00,2.39,2.48,2.195,2.3,920000,2.3
2026-06-08 00:00:00,2.53,2.77,2.52,2.65,988200,2.65
2026-06-09 00:00:00,2.74,2.95,2.67,2.68,994100,2.68
2026-06-10 00:00:00,2.81,3.22,2.75,2.95,1024700,2.95
2026-06-11 00:00:00,3.0,3.105,2.72,3.02,1171100,3.02
2026-06-12 00:00:00,2.98,3.2,2.96,3.09,777300,3.09
2026-06-15 00:00:00,3.17,3.245,2.98,3.21,1007500,3.21
2026-06-16 00:00:00,3.3,3.77,3.25,3.3,2286400,3.3
2026-06-17 00:00:00,3.27,3.64,3.27,3.54,1382400,3.54
