date,open,high,low,close,volume,adj_close
2024-05-21,278.8374,279.8158,273.4564,273.8966,885500,273.8966
2024-05-22,275.2664,290.578,271.3039,281.5769,2414621,281.5769
2024-05-23,282.7509,283.5336,277.1252,277.7123,519866,277.7123
2024-05-24,277.859,280.7942,272.9671,274.0434,735053,274.0434
2024-05-27,274.0434,275.2174,269.5428,269.8853,778521,269.8853
2024-05-28,271.0104,271.2061,268.1731,268.9069,423085,268.9069
2024-05-29,269.0537,270.7169,264.9934,266.9991,695819,266.9991
2024-05-30,266.0696,269.9831,262.4985,263.2323,466414,263.2323
2024-05-31,266.8034,266.8034,260.3461,261.1777,573067,261.1777
2024-06-03,268.0753,275.9023,264.2596,265.0912,461374,265.0912
2024-06-04,269.0536,269.0536,252.568,255.9434,792195,255.9434
2024-06-05,258.5361,268.1731,253.3996,263.4769,1416264,263.4769
2024-06-06,265.5315,278.5928,265.5315,270.668,1971933,270.668
2024-06-07,272.3312,282.7509,271.0593,275.3152,2119456,275.3152
2024-06-10,277.3699,286.371,276.9296,277.6145,1326149,277.6145
2024-06-11,279.0331,279.9136,276.8807,277.321,1218565,277.321
2024-06-12,278.8374,283.4358,278.1525,279.718,1287705,279.718
2024-06-13,281.528,283.7293,278.9842,280.5007,1488759,280.5007
2024-06-14,283.7782,306.0363,283.2401,303.4925,8454557,303.4925
2024-06-18,306.6233,308.3844,297.0353,298.3071,3670268,298.3071
2024-06-19,300.8509,300.8509,292.7793,294.1979,1436410,294.1979
2024-06-20,294.9807,300.9488,293.5131,296.6928,2287523,296.6928
2024-06-21,299.3344,301.0466,290.5779,291.2628,1529145,291.2628
2024-06-24,291.2628,296.3015,287.2515,288.2299,1292603,288.2299
2024-06-25,289.5996,292.975,288.2299,289.4039,1298420,289.4039
2024-06-26,290.5779,290.5779,285.2458,286.322,888515,286.322
2024-06-27,288.2299,289.1104,277.1742,278.2504,1221017,278.2504
2024-06-28,279.3266,285.0012,276.9785,277.5166,1239035,277.5166
2024-07-01,277.5166,299.0898,276.8807,295.959,4559123,295.959
2024-07-02,297.4266,302.612,291.5563,297.5244,2520928,297.5244
2024-07-03,299.0898,307.2103,296.3504,305.2047,2634907,305.2047
2024-07-04,305.4982,312.6893,302.3185,309.3628,2850996,309.3628
2024-07-05,309.6563,316.0158,306.9169,310.0966,2042120,310.0966
2024-07-08,310.1455,312.7871,301.1444,302.025,1550979,302.025
2024-07-09,325.4571,341.16,320.9076,324.0385,11701086,324.0385
2024-07-10,326.7779,326.8757,309.5095,314.1568,2100702,314.1568
2024-07-11,315.0374,319.6358,312.3469,313.2763,1276809,313.2763
2024-07-12,316.1136,327.7563,316.1136,317.4833,2741410,317.4833
2024-07-15,318.9509,319.6847,308.2866,311.4663,1222871,311.4663
2024-07-16,312.5914,316.9941,310.4879,312.2979,845087,312.2979
2024-07-18,312.1023,314.8417,304.8623,305.9874,820189,305.9874
2024-07-19,305.2536,305.2536,298.0625,298.8942,627157,298.8942
2024-07-22,298.1604,305.9385,294.9317,300.3617,504689,300.3617
2024-07-23,302.2206,305.2047,284.8544,298.6985,1073208,298.6985
2024-07-24,298.4049,315.1352,297.3777,311.3684,1518611,311.3684
2024-07-25,309.265,310.3901,299.1877,300.0193,1214685,300.0193
2024-07-26,300.3617,303.9328,297.9158,300.3617,879423,300.3617
2024-07-29,302.4163,307.1615,299.9704,305.3025,922136,305.3025
2024-07-30,303.2968,310.1455,303.2968,308.2376,1076045,308.2376
2024-07-31,309.4117,313.5698,307.7485,311.5642,907464,311.5642
2024-08-01,293.5131,298.3071,283.5826,288.3766,5119500,288.3766
2024-08-02,285.6861,292.975,282.7999,287.9363,1031307,287.9363
2024-08-05,282.751,285.5883,272.9672,273.9945,1415383,273.9945
2024-08-06,276.9296,283.4847,269.0537,269.6407,819053,269.6407
2024-08-07,277.859,281.2344,272.5758,273.7988,636716,273.7988
2024-08-08,274.5326,278.7396,273.1139,274.3369,493999,274.3369
2024-08-09,276.8807,281.6747,276.8807,278.3972,577232,278.3972
2024-08-12,278.3482,282.3596,274.0434,277.2231,561494,277.2231
2024-08-13,278.1036,289.7953,277.8101,281.6747,1271317,281.6747
2024-08-14,282.7509,283.1912,276.1958,278.7885,403617,278.7885
2024-08-16,279.1309,289.6974,279.1309,287.1536,1054444,287.1536
2024-08-19,287.3982,294.4915,287.3982,288.8658,664935,288.8658
2024-08-20,290.0888,293.0239,286.8601,288.132,390614,288.132
2024-08-21,290.0888,292.1434,287.6428,288.4745,431924,288.4745
2024-08-22,290.0888,293.5131,289.3061,290.1377,580373,290.1377
2024-08-23,290.1377,298.7963,290.1377,291.8988,1456666,291.8988
2024-08-26,293.3663,294.9806,290.1866,291.7031,601440,291.7031
2024-08-27,291.7031,296.8396,291.0671,293.8555,597769,293.8555
2024-08-28,294.4915,301.3401,292.0944,293.1217,1024584,293.1217
2024-08-29,296.4482,300.7531,290.4801,292.8772,948337,292.8772
2024-08-30,296.4482,304.2752,294.0512,299.4812,2037996,299.4812
2024-09-02,301.6336,302.7098,297.1331,299.1877,735055,299.1877
2024-09-03,300.3617,309.1671,298.5028,303.0522,1558379,303.0522
2024-09-04,301.4379,304.7644,299.579,300.3617,616782,300.3617
2024-09-05,301.8293,307.2593,297.6223,299.4323,1039689,299.4323
2024-09-06,303.695,304.2898,297.4,298.887,770494,298.887
2024-09-09,299.6801,302.8524,297.0531,299.4818,468613,299.4818
2024-09-10,300.6714,304.5872,300.4236,303.2985,458427,303.2985
2024-09-11,305.0829,307.1647,297.3505,298.3418,539215,298.3418
2024-09-12,299.8784,301.1671,297.2018,299.9279,356104,299.9279
2024-09-13,300.374,305.8264,299.0357,301.5636,412215,301.5636
2024-09-16,314.2527,324.7608,310.8822,319.3581,9652126,319.3581
2024-09-17,319.5563,321.9851,309.0482,310.783,1745620,310.783
2024-09-18,310.5847,318.1685,305.6777,308.2551,1338670,308.2551
2024-09-19,310.1882,314.6492,299.581,303.2489,890785,303.2489
2024-09-20,305.3307,307.7595,299.3331,301.4149,687015,301.4149
2024-09-23,303.3976,304.7855,298.9366,300.3245,612965,300.3245
2024-09-24,301.861,303.7445,297.4,300.8201,617563,300.8201
2024-09-25,303.8437,304.835,299.234,302.9515,549798,302.9515
2024-09-26,304.2402,306.0742,302.1089,302.5054,395445,302.5054
2024-09-27,304.2898,306.0742,297.2018,298.0444,1093520,298.0444
2024-09-30,303.9428,309.6926,298.5401,300.4732,2019989,300.4732
2024-10-01,302.3071,304.1411,299.234,299.8784,623333,299.8784
2024-10-03,297.4,299.9279,290.0642,292.1955,587947,292.1955
2024-10-04,290.8572,296.1113,285.8014,291.7494,719222,291.7494
2024-10-07,289.5189,292.9886,274.0045,277.1768,1210959,277.1768
2024-10-08,277.5238,282.53,275.5411,281.043,460914,281.043
2024-10-09,281.5387,288.478,281.5387,284.1162,478145,284.1162
2024-10-10,285.0579,287.4867,281.7865,282.9761,259555,282.9761
2024-10-11,283.4222,286.9415,282.0839,284.4135,272154,284.4135
2024-10-14,284.8597,285.851,281.043,282.1335,239167,282.1335
2024-10-15,282.5796,284.5127,280.0517,282.2326,262966,282.2326
2024-10-16,282.53,300.1758,279.0108,291.7494,666543,291.7494
2024-10-17,293.9304,302.0097,288.5772,291.6999,1233166,291.6999
2024-10-18,290.2624,296.1113,286.4954,292.939,256291,292.939
2024-10-21,293.1373,297.1522,283.5214,285.2066,353608,285.2066
2024-10-22,285.4049,286.644,271.9227,273.7072,482966,273.7072
2024-10-23,276.0368,284.5127,265.033,270.4358,773425,270.4358
2024-10-24,274.1037,279.5065,268.1061,269.2957,594605,269.2957
2024-10-25,269.8905,270.6836,260.7207,265.2312,507241,265.2312
2024-10-28,265.5782,274.4011,263.5956,273.0628,375800,273.0628
2024-10-29,273.5089,278.3664,272.6167,276.8794,244946,276.8794
2024-10-30,276.8794,282.4309,276.582,278.9612,203553,278.9612
2024-10-31,278.9612,291.9477,278.5151,289.4694,864056,289.4694
2024-11-01,289.4694,293.9304,289.0728,290.2129,153505,290.2129
2024-11-04,290.2128,290.2128,276.3342,277.1768,582275,277.1768
2024-11-05,275.1942,278.763,273.7567,277.1768,316072,277.1768
2024-11-06,277.5734,285.6527,276.8299,284.364,332207,284.364
2024-11-07,284.5622,289.3702,281.5387,282.6787,328155,282.6787
2024-11-08,283.0753,283.6701,275.9872,277.5734,259920,277.5734
2024-11-11,277.2264,277.2264,270.8819,273.4098,229548,273.4098
2024-11-12,274.5993,278.8125,271.5758,272.9637,374491,272.9637
2024-11-13,272.3193,277.4742,263.0007,265.38,1010999,265.38
2024-11-14,264.5869,278.2177,263.2982,273.4593,690989,273.4593
2024-11-18,273.608,280.4482,273.4593,277.5734,541809,277.5734
2024-11-19,278.5647,287.0902,278.5647,284.9092,779118,284.9092
2024-11-21,285.504,291.2537,280.8943,285.6527,785277,285.6527
2024-11-22,286.198,296.3591,282.7779,291.9477,885385,291.9477
2024-11-25,296.4087,305.1324,294.4756,298.0444,1566340,298.0444
2024-11-26,300.374,302.9515,297.4,300.2253,518266,300.2253
2024-11-27,300.4236,306.1238,298.7383,304.2402,745080,304.2402
2024-11-28,305.2811,307.3134,298.887,299.7297,486612,299.7297
2024-11-29,302.4062,306.7681,298.1931,305.5785,644877,305.5785
2024-12-02,302.5054,314.2527,302.5054,310.6343,1022027,310.6343
2024-12-03,310.6343,313.9057,306.322,309.2465,590699,309.2465
2024-12-04,311.2787,312.27,305.8263,308.0073,376694,308.0073
2024-12-05,309.296,313.0135,307.5612,310.4361,406386,310.4361
2024-12-06,310.783,314.7484,307.4125,311.5265,580723,311.5265
2024-12-09,311.5265,316.0371,307.5116,309.3456,289868,309.3456
2024-12-10,309.296,312.3196,303.6454,305.0333,347792,305.0333
2024-12-11,305.0333,318.1685,303.8437,316.5327,1300422,316.5327
2024-12-12,318.1189,327.8835,309.643,311.7248,2352823,311.7248
2024-12-13,309.2465,311.7743,304.1907,306.0246,633903,306.0246
2024-12-16,307.016,312.964,306.2725,307.2638,425638,307.2638
2024-12-17,308.3047,309.0978,302.6045,303.7446,463360,303.7446
2024-12-18,304.4385,306.8673,301.2167,305.7272,396711,305.7272
2024-12-19,299.3827,308.9986,297.7965,306.0742,448641,306.0742
2024-12-20,305.8759,309.6925,292.5425,295.566,473075,295.566
2024-12-23,299.4322,306.322,289.5189,290.659,389288,290.659
2024-12-24,291.9477,296.7061,290.1633,293.2364,344000,293.2364
2024-12-26,294.426,294.5747,284.5127,285.504,273890,285.504
2024-12-27,286.8919,293.1373,285.504,290.0146,343507,290.0146
2024-12-30,291.0555,294.2277,286.991,287.9824,367785,287.9824
2024-12-31,288.9242,300.8697,287.5858,298.0444,557418,298.0444
2025-01-01,297.3505,302.8524,295.4669,301.4645,266760,301.4645
2025-01-02,306.322,313.1622,302.555,304.0915,768728,304.0915
2025-01-03,302.3567,307.016,301.861,302.4558,309644,302.4558
2025-01-06,301.1175,303.2985,288.4285,289.7172,446064,289.7172
2025-01-07,290.8077,295.913,289.5685,292.7408,236464,292.7408
2025-01-08,292.939,293.633,287.0406,289.7668,255582,289.7668
2025-01-09,289.965,302.4558,284.5127,285.9501,421932,285.9501
2025-01-10,285.7519,286.4954,276.6316,278.4655,263342,278.4655
2025-01-13,277.5734,281.4396,267.66,269.4444,492041,269.4444
2025-01-14,269.6427,279.5065,268.7505,276.6812,291294,276.6812
2025-01-15,278.069,283.8683,274.1037,282.3318,313860,282.3318
2025-01-16,283.0257,288.0815,281.5882,285.2562,207518,285.2562
2025-01-17,284.5127,287.9824,281.9352,283.3727,131620,283.3727
2025-01-20,284.8101,287.2884,282.7778,286.1484,179248,286.1484
2025-01-21,287.4867,290.5102,279.556,281.39,174380,281.39
2025-01-22,282.0344,282.3813,270.634,275.9872,357220,275.9872
2025-01-23,275.3924,283.1248,273.608,275.6898,169496,275.6898
2025-01-24,275.2437,275.5907,269.6427,271.2784,239357,271.2784
2025-01-27,269.6427,270.1879,262.5051,266.4209,337648,266.4209
2025-01-28,266.6687,267.313,253.2857,261.3155,603388,261.3155
2025-01-29,260.2746,272.9637,260.1755,271.774,278999,271.774
2025-01-30,273.1619,276.5325,267.66,268.8496,231893,268.8496
2025-01-31,269.494,276.1359,268.6514,273.9054,203325,273.9054
2025-02-01,273.9054,279.1099,270.287,274.9463,160605,274.9463
2025-02-03,274.9959,282.877,273.5585,277.2264,242631,277.2264
2025-02-04,277.9699,281.6378,277.7221,280.5474,156161,280.5474
2025-02-05,280.5474,285.504,279.556,281.8361,316570,281.8361
2025-02-06,283.2735,289.3207,282.0344,284.7605,370561,284.7605
2025-02-07,286.198,301.6132,284.364,298.6888,1389979,298.6888
2025-02-10,297.4,299.3827,287.1397,294.1782,566384,294.1782
2025-02-11,292.6416,292.939,280.8447,281.9848,400879,281.9848
2025-02-12,281.9352,284.2153,275.1446,280.3491,455199,280.3491
2025-02-13,280.5474,283.5214,277.0777,279.209,233620,279.209
2025-02-14,280.5474,280.5969,263.199,265.8756,329789,265.8756
2025-02-17,270.6836,270.6836,261.712,266.7182,345413,266.7182
2025-02-18,266.7182,270.634,259.7294,262.5547,206300,262.5547
2025-02-19,262.5546,271.0801,260.9685,267.7096,203071,267.7096
2025-02-20,267.7096,279.9526,264.8347,278.5151,268448,278.5151
2025-02-21,275.789,283.4222,270.981,272.2697,197851,272.2697
2025-02-24,267.66,272.0219,265.7269,266.6687,172676,266.6687
2025-02-25,265.7765,272.0715,264.4877,265.2808,230972,265.2808
2025-02-27,265.6774,268.9487,259.7294,261.5633,195107,261.5633
2025-02-28,258.7876,262.5547,248.5769,251.0056,444258,251.0056
2025-03-03,251.7491,254.3266,239.1592,246.0985,442265,246.0985
2025-03-04,242.4306,253.2857,241.3897,250.1134,403663,250.1134
2025-03-05,247.8334,262.7034,247.8334,262.1581,484266,262.1581
2025-03-06,263.4469,282.1335,261.4642,273.7567,1185197,273.7567
2025-03-07,273.7567,273.7567,267.66,268.4035,363533,268.4035
2025-03-10,269.494,276.4829,261.8112,263.4964,613666,263.4964
2025-03-11,264.7852,264.7852,257.7467,260.7207,344908,260.7207
2025-03-12,261.3651,266.4209,259.7294,261.6625,245271,261.6625
2025-03-13,261.8112,265.4791,258.3911,259.432,170928,259.432
2025-03-17,261.4146,263.199,256.904,257.598,257047,257.598
2025-03-18,257.598,257.598,257.598,257.598,0,257.598
2025-03-19,263.4468,270.5349,263.4468,267.7096,389536,267.7096
2025-03-20,272.6167,272.6167,268.7505,269.841,294179,269.841
2025-03-21,269.6427,281.3404,268.8992,280.0021,641622,280.0021
2025-03-24,281.4395,299.1844,281.39,287.4371,1073823,287.4371
2025-03-25,288.7754,289.172,275.6898,277.0777,421176,277.0777
2025-03-26,278.4656,282.1335,272.6167,273.3106,393326,273.3106
2025-03-27,271.1297,278.3664,267.66,271.6254,600226,271.6254
2025-03-28,271.6253,277.1272,270.0392,272.2202,363419,272.2202
2025-04-01,272.2202,279.2586,271.5758,276.8299,269485,276.8299
2025-04-02,276.8299,287.4371,272.6167,286.0493,393445,286.0493
2025-04-03,282.53,290.8572,281.6378,287.4371,332533,287.4371
2025-04-04,285.1075,290.9068,277.8707,279.4569,299278,279.4569
2025-04-07,268.2548,270.634,258.8372,266.6687,453685,266.6687
2025-04-08,269.6427,279.1595,269.6427,277.8708,342778,277.8708
2025-04-09,277.8707,281.39,274.4011,279.1595,196067,279.1595
2025-04-11,282.53,286.8423,281.2909,285.9501,345577,285.9501
2025-04-15,290.4607,292.146,286.5945,290.2624,263450,290.2624
2025-04-16,290.2624,296.1113,289.965,291.799,254606,291.799
2025-04-17,288.7259,312.27,288.7259,303.9428,1447426,303.9428
2025-04-21,304.7855,312.27,297.9453,308.8995,762516,308.8995
2025-04-22,305.8759,313.5587,303.8932,309.4943,552557,309.4943
2025-04-23,312.7657,314.6988,309.2465,313.5092,569223,313.5092
2025-04-24,314.2527,322.1834,310.2874,313.5587,957351,313.5587
2025-04-25,316.2354,317.425,302.3567,304.6367,583797,304.6367
2025-04-28,307.2638,311.0309,303.3976,308.8004,302508,308.8004
2025-04-29,308.6021,317.1772,304.7855,305.9751,346585,305.9751
2025-04-30,304.4385,319.3085,303.8932,307.7595,1126426,307.7595
2025-05-02,308.5525,309.296,300.374,301.7123,215470,301.7123
2025-05-05,303.348,306.1733,299.8784,301.5141,232841,301.5141
2025-05-06,301.5141,303.1498,290.8572,292.7408,270365,292.7408
2025-05-07,288.5276,311.2787,288.5276,304.3889,742324,304.3889
2025-05-08,304.5872,312.7657,304.3394,305.4794,362569,305.4794
2025-05-09,297.4,303.9428,294.426,298.3418,351716,298.3418
2025-05-12,305.8264,316.8302,305.3802,311.7744,493302,311.7744
2025-05-13,311.7744,319.2094,309.5439,315.3432,362811,315.3432
2025-05-14,315.3927,319.6059,313.0631,314.7484,270291,314.7484
2025-05-15,317.1276,324.4139,317.1276,318.7632,833881,318.7632
2025-05-16,321.4399,327.14,319.3085,321.1425,713377,321.1425
2025-05-19,336.3594,352.4686,332.6419,346.471,6075887,346.471
2025-05-20,348.3546,351.5268,337.5986,344.4388,1237612,344.4388
2025-05-21,344.5875,358.8627,341.6135,355.1452,1803753,355.1452
2025-05-22,354.8974,359.6557,347.2641,350.8329,709509,350.8329
2025-05-23,351.8242,361.8367,349.6433,360.1019,1167858,360.1019
2025-05-26,361.7871,366.7934,358.4166,361.0932,1162186,361.0932
2025-05-27,358.1192,363.8194,357.3757,358.5653,369565,358.5653
2025-05-28,358.367,366.0994,358.2184,362.6794,566046,362.6794
2025-05-29,362.7785,368.776,353.9556,355.3435,552164,355.3435
2025-05-30,356.88,360.7462,348.2554,349.792,626206,349.792
2025-06-02,348.9989,361.5889,348.7015,357.227,546127,357.227
2025-06-03,358.7636,364.2159,355.8887,361.3906,466362,361.3906
2025-06-04,362.7785,371.2544,361.8367,363.4229,834191,363.4229
2025-06-05,366.6447,371.75,362.0845,363.4229,555830,363.4229
2025-06-06,365.7525,372.7414,363.4228,369.0734,639098,369.0734
2025-06-09,370.6595,371.6509,363.5715,367.9334,515585,367.9334
2025-06-10,369.9656,374.3771,366.149,370.5109,528315,370.5109
2025-06-11,368.7265,380.672,368.7265,376.7067,817598,376.7067
2025-06-12,375.1206,380.5233,368.776,370.3126,535515,370.3126
2025-06-13,363.8194,368.4786,356.8305,357.3261,632956,357.3261
2025-06-16,356.88,360.8454,350.7833,356.9296,717610,356.9296
2025-06-17,356.9296,363.6707,349.9902,353.5591,393610,353.5591
2025-06-18,352.8652,360.6967,344.3892,347.2145,528767,347.2145
2025-06-19,346.9667,353.0138,339.036,342.5057,505618,342.5057
2025-06-20,342.01,346.0745,337.4003,339.383,579671,339.383
2025-06-23,337.0534,340.6717,328.3296,330.0149,648109,330.0149
2025-06-24,342.01,359.3584,334.3272,353.0634,2080165,353.0634
2025-06-25,355.0461,362.2828,349.2963,356.1861,930505,356.1861
2025-06-26,353.4104,363.2246,350.2381,353.1625,348400,353.1625
2025-06-27,352.1216,366.7934,351.9729,364.2655,825649,364.2655
2025-06-30,364.8602,372.8405,361.0436,362.5306,608677,362.5306
2025-07-01,363.7698,377.4998,363.7698,372.0474,1160996,372.0474
2025-07-02,372.9892,387.0166,369.5195,376.211,1212880,376.211
2025-07-03,376.7067,394.5507,374.2779,393.3611,2460474,393.3611
2025-07-04,392.3698,401.9361,389.7923,393.3611,1289918,393.3611
2025-07-07,391.5271,398.516,385.6287,388.454,545672,388.454
2025-07-08,388.7018,398.516,388.6523,393.1133,730533,393.1133
2025-07-09,393.3115,401.49,393.3115,398.1195,561118,398.1195
2025-07-10,399.5569,403.3736,391.9237,395.2942,636265,395.2942
2025-07-11,392.0724,396.3351,382.7538,385.1826,553442,385.1826
2025-07-14,385.1826,385.3313,371.1552,375.4675,546935,375.4675
2025-07-15,375.9632,381.9608,375.3189,376.3597,259276,376.3597
2025-07-16,376.7563,400.2013,376.7563,389.7427,2107594,389.7427
2025-07-17,390.5854,398.6152,390.5854,392.568,559984,392.568
2025-07-18,393.5098,408.925,392.7663,403.2744,2191401,403.2744
2025-07-21,404.811,412.3452,393.1133,410.412,793109,410.412
2025-07-22,411.4034,415.22,407.438,409.9659,647263,409.9659
2025-07-23,409.4207,413.1382,402.5309,406.0006,294148,406.0006
2025-07-24,408.4294,413.8817,399.7057,401.3909,369779,401.3909
2025-07-25,403.2249,403.4232,384.7365,386.7687,507693,386.7687
2025-07-28,386.7687,394.055,379.879,381.9608,336511,381.9608
2025-07-29,381.9608,396.5334,376.9545,393.9559,386215,393.9559
2025-07-30,393.9559,398.3178,388.0079,389.6436,281554,389.6436
2025-07-31,380.7712,388.107,379.0364,381.3164,252552,381.3164
2025-08-01,376.7067,382.4069,364.4637,366.7438,425484,366.7438
2025-08-04,366.7438,379.6312,362.828,376.6076,349679,376.6076
2025-08-05,379.3833,379.3833,369.9161,374.6745,245992,374.6745
2025-08-06,374.724,375.2693,365.9507,369.7674,284548,369.7674
2025-08-07,367.7847,374.9719,356.88,368.6273,417655,368.6273
2025-08-08,386.62,430.2387,386.62,424.1916,27095722,424.1916
2025-08-11,424.2412,445.1087,413.9313,442.9774,8927447,442.9774
2025-08-12,440.9451,466.8685,434.0058,446.8931,7817003,446.8931
2025-08-13,444.2661,490.71,443.126,482.9281,5855984,482.9281
2025-08-14,480.5984,480.5984,460.0283,465.4806,2369354,465.4806
2025-08-18,469.2477,482.5315,460.2265,471.4782,1533331,471.4782
2025-08-19,469.1981,477.4262,465.9267,468.0581,540335,468.0581
2025-08-20,467.9094,474.0061,462.0109,465.6789,498933,465.6789
2025-08-21,469.5947,482.6803,465.9763,473.6096,990410,473.6096
2025-08-22,473.6095,490.71,466.0754,469.1981,1031873,469.1981
2025-08-25,471.4782,473.1139,431.23,446.794,1078517,446.794
2025-08-26,448.1323,460.9205,438.7146,443.1756,704452,443.1756
2025-08-28,441.4903,452.3454,431.23,436.6328,615274,436.6328
2025-08-29,433.2127,440.152,426.2734,427.3638,435007,427.3638
2025-09-01,428.7021,451.0072,423.2994,443.3739,788235,443.3739
2025-09-02,441.1929,474.8487,437.2276,461.5648,736715,461.5648
2025-09-03,459.3344,463.8449,447.8349,452.9402,606618,452.9402
2025-09-04,463.2006,463.2006,449.421,451.9489,456967,451.9489
2025-09-05,451.0567,466.5215,450.1149,451.9985,430297,451.9985
2025-09-08,451.9985,474.8487,447.8844,463.4979,998519,463.4979
2025-09-09,463.0519,473.8574,454.3777,457.8474,663511,457.8474
2025-09-10,457.8969,463.2501,434.6997,436.385,920435,436.385
2025-09-11,438.5164,448.0332,436.385,443.2747,508004,443.2747
2025-09-12,441.0938,446.2983,435.4432,440.2512,287355,440.2512
2025-09-15,402.4814,410.3129,383.7452,397.9708,11585305,397.9708
2025-09-16,398.9621,409.6685,395.7899,400.35,2312891,400.35
2025-09-17,408.0,422.5,402.0,404.75,2609921,404.75
2025-09-18,408.85,408.85,399.55,402.35,681847,402.35
2025-09-19,404.0,404.0,394.0,395.45,748332,395.45
2025-09-22,395.4,400.2,388.0,389.75,551163,389.75
2025-09-23,391.0,392.45,369.45,371.65,1346439,371.65
2025-09-24,373.45,377.6,365.2,367.05,1226150,367.05
2025-09-25,368.9,372.2,360.2,362.5,698976,362.5
2025-09-26,363.7,363.7,348.3,350.9,611017,350.9
2025-09-29,346.0,354.0,342.7,347.1,891980,347.1
2025-09-30,350.3,350.85,342.0,344.45,514698,344.45
2025-10-01,343.55,347.9,340.55,343.7,829973,343.7
2025-10-03,352.0,354.95,344.15,348.5,915145,348.5
2025-10-06,351.95,352.85,344.25,346.2,533040,346.2
2025-10-07,348.0,349.0,342.0,347.75,344985,347.75
2025-10-08,347.75,351.0,342.4,349.4,442784,349.4
2025-10-09,350.0,350.05,344.7,347.35,295267,347.35
2025-10-10,349.9,373.75,345.45,370.9,2069908,370.9
2025-10-13,367.65,369.85,363.2,368.05,630163,368.05
2025-10-14,368.0,376.95,356.75,368.15,740009,368.15
2025-10-15,368.0,386.15,365.45,378.25,1171550,378.25
2025-10-16,378.25,381.0,371.0,377.95,554227,377.95
2025-10-17,377.55,385.65,375.7,381.1,654986,381.1
2025-10-20,381.1,385.0,374.1,382.25,416617,382.25
2025-10-21,382.5,386.0,379.3,383.6,115939,383.6
2025-10-23,383.75,389.85,379.0,384.9,500270,384.9
2025-10-24,382.0,386.9,378.0,379.6,227972,379.6
2025-10-27,378.85,382.55,377.3,378.4,214149,378.4
2025-10-28,378.4,381.4,372.35,377.2,280460,377.2
2025-10-29,374.65,379.6,374.55,378.15,252709,378.15
2025-10-30,378.35,381.55,374.85,377.4,260779,377.4
2025-10-31,377.4,381.0,372.05,373.25,208888,373.25
2025-11-03,377.0,388.7,375.45,379.9,364917,379.9
2025-11-04,382.5,382.5,373.85,375.2,173664,375.2
2025-11-06,375.0,383.1,368.85,377.4,541861,377.4
2025-11-07,376.95,385.25,374.0,383.45,319237,383.45
2025-11-10,383.0,386.9,375.35,377.85,386893,377.85
2025-11-11,377.5,378.2,372.5,376.9,209395,376.9
2025-11-12,379.0,391.0,376.2,389.65,583249,389.65
2025-11-13,389.65,391.0,376.0,379.1,412027,379.1
2025-11-14,397.7,439.0,390.45,429.35,17587104,429.35
2025-11-17,430.0,443.9,423.2,425.1,3264083,425.1
2025-11-18,423.9,442.25,421.35,428.35,2558658,428.35
2025-11-19,428.0,434.05,424.1,428.35,761607,428.35
2025-11-20,429.8,433.45,421.9,423.8,543105,423.8
2025-11-21,424.85,428.0,414.8,415.85,490036,415.85
2025-11-24,415.9,422.0,398.8,412.6,483151,412.6
2025-11-25,404.0,417.0,404.0,412.85,355867,412.85
2025-11-26,416.9,416.9,410.5,413.5,312734,413.5
2025-11-27,414.0,419.2,405.95,409.85,376835,409.85
2025-11-28,411.0,413.8,406.1,408.5,328573,408.5
2025-12-01,408.5,409.5,401.1,402.75,250225,402.75
2025-12-02,402.5,407.7,395.05,397.2,277798,397.2
2025-12-03,398.2,407.3,392.25,394.95,322402,394.95
2025-12-04,394.75,400.0,392.05,398.3,205826,398.3
2025-12-05,399.45,400.0,390.0,394.0,257285,394.0
2025-12-08,390.0,396.0,378.25,381.15,322198,381.15
2025-12-09,373.3,396.1,371.3,392.8,2146086,392.8
2025-12-10,392.75,398.25,386.8,390.3,347295,390.3
2025-12-11,388.4,396.0,385.75,394.3,122662,394.3
2025-12-12,394.5,397.1,383.0,390.05,279308,390.05
2025-12-15,390.95,398.9,385.65,395.85,222956,395.85
2025-12-16,393.45,395.3,389.1,392.35,135874,392.35
2025-12-17,392.35,395.85,387.3,388.8,155748,388.8
2025-12-18,388.85,392.6,385.85,388.2,153604,388.2
2025-12-19,388.8,396.65,388.8,394.4,231124,394.4
2025-12-22,398.0,401.25,383.0,394.75,845997,394.75
2025-12-23,395.05,403.65,393.4,402.5,258946,402.5
2025-12-24,405.0,405.0,397.3,400.65,139629,400.65
2025-12-26,400.2,407.5,398.35,404.3,257483,404.3
2025-12-29,406.0,412.3,398.15,404.25,528791,404.25
2025-12-30,402.0,403.9,393.75,397.25,185518,397.25
2025-12-31,395.0,398.05,393.25,394.5,167223,394.5
2026-01-01,394.5,399.95,393.1,395.5,133393,395.5
2026-01-02,398.3,399.35,394.1,396.4,177937,396.4
2026-01-05,396.4,397.75,382.95,384.95,369765,384.95
2026-01-06,385.05,388.05,380.65,386.0,260606,386.0
2026-01-07,386.0,390.05,384.3,386.75,233677,386.75
2026-01-08,386.75,393.65,360.3,371.65,853683,371.65
2026-01-09,372.0,373.7,358.0,363.05,535753,363.05
2026-01-12,361.0,362.0,355.0,356.8,480268,356.8
2026-01-13,351.9,366.85,348.9,362.15,865040,362.15
2026-01-14,358.2,362.75,355.0,357.75,410963,357.75
2026-01-15,357.75,357.75,357.75,357.75,0,357.75
2026-01-16,355.0,360.65,348.2,350.35,384188,350.35
2026-01-19,348.9,352.45,339.75,341.05,770814,341.05
2026-01-20,342.25,343.45,331.1,332.9,339401,332.9
2026-01-21,331.15,336.5,330.0,331.4,390752,331.4
2026-01-22,333.05,342.05,333.05,337.3,279375,337.3
2026-01-23,338.0,340.4,324.0,325.2,336233,325.2
2026-01-27,325.2,331.8,322.3,324.05,559624,324.05
2026-01-28,326.7,335.4,323.8,326.85,537401,326.85
2026-01-29,328.9,330.4,321.5,326.5,225551,326.5
2026-01-30,326.5,344.0,324.6,342.35,385490,342.35
2026-02-02,336.0,345.95,326.4,342.4,490881,342.4
2026-02-03,396.2,396.2,351.1,353.2,1034218,353.2
2026-02-04,355.0,370.85,350.0,363.9,642929,363.9
2026-02-05,363.9,365.25,354.4,355.8,288070,355.8
2026-02-06,354.45,368.0,348.3,364.15,474316,364.15
2026-02-09,368.1,378.6,365.45,371.4,592509,371.4
2026-02-10,371.4,376.0,367.25,370.25,221445,370.25
2026-02-11,372.0,378.0,368.75,371.35,372919,371.35
2026-02-12,371.55,373.35,367.2,371.55,259002,371.55
2026-02-13,371.0,373.7,362.5,364.1,586708,364.1
2026-02-16,360.5,366.3,352.7,356.7,691392,356.7
2026-02-17,360.0,378.0,358.1,371.25,704435,371.25
2026-02-18,374.65,390.0,372.45,379.65,1084486,379.65
2026-02-19,379.0,379.75,370.4,373.1,311156,373.1
2026-02-20,374.0,374.0,360.5,363.55,425346,363.55
2026-02-23,365.3,372.85,357.6,359.3,313089,359.3
2026-02-24,359.0,359.0,347.55,351.85,269396,351.85
2026-02-25,361.85,361.85,349.0,350.4,228148,350.4
2026-02-26,350.8,352.45,343.8,347.15,222836,347.15
2026-02-27,346.7,348.7,338.4,339.65,248840,339.65
2026-03-02,321.0,339.0,320.95,330.5,733052,330.5
2026-03-04,321.1,328.25,312.55,320.5,765555,320.5
2026-03-05,318.6,337.0,318.6,333.45,676938,333.45
2026-03-06,331.95,344.75,316.8,318.5,881941,318.5
2026-03-09,310.0,313.8,303.85,305.7,803985,305.7
2026-03-10,310.5,315.4,307.2,313.35,411907,313.35
2026-03-11,313.9,318.8,308.0,310.3,285970,310.3
2026-03-12,309.0,323.0,303.8,319.35,461643,319.35
2026-03-13,318.0,319.75,306.15,307.5,456212,307.5
2026-03-16,305.5,306.85,288.75,290.35,977659,290.35
2026-03-17,292.65,292.65,280.8,283.65,804158,283.65
2026-03-18,285.0,295.55,281.7,291.7,615669,291.7
2026-03-19,284.5,288.15,278.0,278.95,583341,278.95
2026-03-20,283.15,292.5,274.65,287.35,998821,287.35
2026-03-23,287.35,294.9,282.35,285.2,865241,285.2
2026-03-24,290.0,301.0,286.65,296.35,733824,296.35
2026-03-25,301.95,307.2,297.35,303.1,359987,303.1
2026-03-27,300.0,304.4,292.0,294.4,407198,294.4
2026-03-30,292.0,296.35,280.75,282.2,552460,282.2
2026-04-01,287.25,304.2,287.25,302.85,602561,302.85
2026-04-02,292.35,308.5,292.0,307.5,462692,307.5
2026-04-06,307.5,313.5,300.6,311.8,402693,311.8
2026-04-07,310.0,315.5,307.55,311.45,319445,311.45
2026-04-08,335.7,336.65,327.0,328.45,971288,328.45
2026-04-09,331.6,334.0,322.35,325.95,452576,325.95
2026-04-10,324.7,336.0,324.35,331.8,544673,331.8
2026-04-13,325.0,329.85,321.25,325.15,378881,325.15
2026-04-15,328.0,334.9,328.0,331.3,337533,331.3
2026-04-16,331.0,360.0,327.5,353.6,2019112,353.6
2026-04-17,352.95,355.05,347.4,351.05,724428,351.05
2026-04-20,352.9,352.9,342.75,345.6,524148,345.6
2026-04-21,345.95,359.5,345.95,352.55,527962,352.55
2026-04-22,355.5,378.75,355.5,376.35,1641088,376.35
2026-04-23,372.0,379.7,362.55,366.3,640276,366.3
2026-04-24,368.0,370.45,353.4,359.9,406720,359.9
2026-04-27,360.8,378.9,360.15,376.6,627299,376.6
2026-04-28,378.45,379.4,372.05,374.35,246057,374.35
2026-04-29,374.5,378.55,367.9,370.65,229700,370.65
2026-04-30,367.0,379.55,365.25,367.15,354595,367.15
2026-05-04,368.5,389.5,367.35,371.3,619372,371.3
2026-05-05,371.85,374.25,368.5,372.4,275741,372.4
2026-05-06,372.9,380.75,368.5,376.85,458447,376.85
2026-05-07,375.0,383.0,375.0,377.95,246266,377.95
2026-05-08,377.95,382.5,370.75,373.15,398482,373.15
2026-05-11,370.0,371.35,359.55,361.15,377312,361.15
2026-05-12,360.7,363.45,345.05,349.55,425091,349.55
2026-05-13,352.65,374.4,351.25,370.35,760106,370.35
2026-05-14,375.0,375.0,345.0,346.7,905685,346.7
2026-05-15,351.0,354.8,336.0,338.85,949805,338.85
2026-05-18,336.9,336.9,322.0,328.65,1042647,328.65
2026-05-19,330.5,337.45,326.8,333.2,607422,333.2
2026-05-20,333.0,334.8,325.2,329.95,584415,329.95
2026-05-21,335.0,339.0,331.95,337.8,301492,337.8
2026-05-22,336.0,348.95,336.0,343.8,554656,343.8
2026-05-25,348.0,362.45,346.25,357.9,578442,357.9
2026-05-26,355.65,368.85,354.95,364.8,671438,364.8
2026-05-27,363.3,369.15,359.1,360.25,437464,360.25
2026-05-28,360.25,360.25,360.25,360.25,0,360.25
2026-05-29,361.45,367.55,345.3,350.2,645080,350.2
2026-06-01,351.2,353.0,339.7,345.65,553460,345.65
2026-06-02,344.0,350.85,341.45,347.1,434958,347.1
2026-06-03,348.1,352.9,342.15,350.15,448473,350.15
2026-06-04,349.0,355.9,345.8,351.05,360882,351.05
2026-06-05,349.7,358.8,348.5,356.65,360229,356.65
2026-06-08,350.0,360.9,340.1,343.5,403101,343.5
2026-06-09,347.6,351.85,344.1,348.2,271508,348.2
2026-06-10,346.05,352.2,340.65,341.85,235292,341.85
2026-06-11,340.8,347.5,336.4,345.4,436690,345.4
2026-06-12,347.45,368.5,347.45,366.8,1008912,366.8
2026-06-15,380.0,387.15,372.05,374.55,826195,374.55
2026-06-16,375.5,385.1,374.15,379.75,647739,379.75
2026-06-17,379.75,383.2,369.7,373.6,566906,373.6
2026-06-18,379.65,385.9,374.6,383.4,853536,383.4
2026-06-19,382.95,391.7,380.25,384.95,508481,384.95
2026-06-22,385.55,393.25,383.05,391.95,510937,391.95
2026-06-23,392.7,396.85,381.0,383.9,706661,383.9
2026-06-24,383.5,396.4,382.6,393.95,464615,393.95
2026-06-25,397.65,398.25,383.55,385.35,378647,385.35
2026-06-26,385.35,385.35,385.35,385.35,0,385.35
2026-06-29,385.8,385.8,375.3,379.15,241205,379.15
2026-06-30,379.15,382.0,373.35,375.25,220140,375.25
2026-07-01,379.3,382.95,374.1,378.45,259909,378.45
2026-07-02,378.1,382.5,375.1,380.0,228205,380.0
2026-07-03,380.05,383.4,373.5,375.5,190935,375.5
2026-07-06,380.8,381.05,373.0,374.15,159367,374.15
2026-07-07,374.0,374.0,363.1,371.5,307259,371.5
2026-07-08,370.0,375.3,354.65,359.8,543645,359.8
2026-07-09,360.85,375.0,359.65,369.3,407968,369.3
2026-07-10,371.1,373.85,365.2,366.15,305511,366.15
2026-07-13,365.0,368.65,360.9,364.3,231616,364.3
2026-07-14,362.0,363.15,351.6,352.75,606745,352.75
2026-07-15,353.9,360.0,353.75,359.1,361508,359.1
2026-07-16,359.1,363.0,355.85,359.05,185241,359.05
2026-07-17,357.15,360.0,354.0,358.5,268429,358.5
2026-07-20,358.5,359.0,353.15,355.45,355508,355.45
2026-07-21,355.0,358.3,353.05,355.05,165019,355.05
2026-07-22,354.3,355.75,347.55,350.3,302259,350.3
2026-07-23,350.95,352.95,343.35,343.85,221110,343.85
2026-07-24,341.0,351.85,339.5,350.75,204492,350.75
2026-07-27,351.45,356.0,349.5,350.55,157363,350.55
2026-07-28,353.5,353.5,344.5,345.8,138156,345.8
2026-07-29,345.95,351.65,341.6,348.55,187366,348.55
2026-07-30,346.9,352.85,344.85,350.65,312391,350.65
2026-07-31,351.5,361.8,349.6,351.1,422481,351.1
2026-08-03,350.0,381.0,350.0,373.7,798190,373.7
2026-08-04,379.3,380.05,367.4,368.6,288969,368.6
2026-08-05,370.9,379.8,370.15,374.9,298632,374.9
2026-08-06,375.8,377.2,370.25,374.05,238847,374.05
2026-08-07,373.85,381.5,371.6,378.65,227349,378.65
2026-08-10,378.4,384.9,371.65,373.9,311550,373.9
2026-08-11,373.7,375.7,368.1,370.55,164492,370.55
2026-08-12,370.4,376.05,366.0,373.2,214442,373.2
2026-08-13,374.9,382.0,365.7,372.4,337009,372.4
2026-08-14,389.5,402.0,381.75,386.4,4140479,386.4
2026-08-17,387.6,398.6,380.25,395.7,874533,395.7
2026-08-18,394.65,403.8,390.5,393.6,715429,393.6
2026-08-19,393.8,412.0,392.6,399.6,1043349,399.6
2026-08-20,401.0,405.1,392.0,397.25,591855,397.25
2026-08-21,401.85,409.35,398.8,406.95,916610,406.95
2026-08-24,411.05,444.0,407.9,437.8,5299973,437.8
2026-08-25,436.0,436.0,419.0,423.0,1535419,423.0
2026-08-26,426.4,452.8,425.0,447.4,2764159,447.4
2026-08-27,447.0,447.1,430.0,433.55,821268,433.55
2026-08-28,431.5,443.85,424.0,437.65,829333,437.65
2026-08-31,432.95,433.95,420.1,422.25,731419,422.25
2026-09-01,422.0,428.4,418.25,424.1,550565,424.1
2026-09-02,422.0,429.15,418.6,424.4,442524,424.4
2026-09-03,427.45,429.7,421.9,424.9,255749,424.9
2026-09-04,425.5,429.65,416.85,421.95,313909,421.95
2026-09-07,425.0,439.8,422.0,427.3,690366,427.3
2026-09-08,429.4,438.7,425.2,431.05,611987,431.05
2026-09-09,434.45,444.6,428.15,434.45,688221,434.45
2026-09-10,435.45,437.2,422.0,423.25,472639,423.25
2026-09-11,423.25,425.9,416.05,421.05,377831,421.05
2026-09-14,416.2581,416.2581,416.2581,416.2581,0,416.2581
2026-09-15,423.65,423.65,391.0,397.15,697120,397.15
2026-09-16,395.0,398.65,383.5,394.85,386426,394.85
2026-09-17,395.0,400.1,392.9,395.4,248080,395.4
2026-09-18,393.45,398.0,390.3,392.45,358622,392.45
2026-09-21,392.45,397.25,386.15,393.15,258237,393.15
2026-09-22,391.0,394.95,386.55,389.9,247235,389.9
2026-09-23,388.0,409.6,387.85,404.85,597217,404.85
2026-09-24,404.75,410.95,396.2,398.2,360322,398.2
2026-09-25,396.0,407.3,393.3,398.65,459598,398.65
2026-09-28,398.65,398.65,381.55,382.95,307046,382.95
2026-09-29,382.0,390.0,379.25,386.2,320487,386.2
2026-09-30,386.3,393.7,379.5,381.6,243266,381.6
2026-10-01,381.6,381.7,366.0,375.9,470665,375.9
2026-10-02,375.9,375.9,375.9,375.9,0,375.9
2026-10-05,375.9,384.2,375.0,382.15,178218,382.15
2026-10-06,382.5,402.45,381.55,389.15,688266,389.15
2026-10-07,389.15,400.0,385.0,398.2,376507,398.2
2026-10-08,399.8,401.85,385.0,386.05,473050,386.05
2026-10-09,387.0,398.8,383.4,389.2,284068,389.2
