date,open,high,low,close,volume,adj_close
2024-05-21,1315.15,1324.0,1288.0,1290.05,1113443,1290.05
2024-05-22,1295.0,1310.95,1295.0,1304.2,607290,1304.2
2024-05-23,1311.95,1314.0,1292.0,1301.85,534457,1301.85
2024-05-24,1301.85,1308.0,1280.0,1281.55,393392,1281.55
2024-05-27,1281.6,1295.1,1265.0,1287.9,1489936,1287.9
2024-05-28,1287.9,1293.55,1271.05,1281.5,472611,1281.5
2024-05-29,1272.3,1298.8,1267.2,1287.45,545039,1287.45
2024-05-30,1287.45,1290.95,1245.8,1259.05,489925,1259.05
2024-05-31,1271.25,1284.0,1251.35,1269.9,480876,1269.9
2024-06-03,1294.25,1334.0,1275.0,1330.0,1293541,1330.0
2024-06-04,1339.25,1339.25,1066.2,1111.5,747917,1111.5
2024-06-05,1150.8,1169.55,1040.0,1116.9,566472,1116.9
2024-06-06,1120.0,1258.0,1120.0,1232.1,919602,1232.1
2024-06-07,1229.55,1300.0,1209.25,1282.75,575774,1282.75
2024-06-10,1280.65,1303.75,1255.0,1288.4,565963,1288.4
2024-06-11,1277.1,1302.8,1270.05,1289.65,448926,1289.65
2024-06-12,1286.0,1303.0,1285.0,1293.75,529723,1293.75
2024-06-13,1299.95,1330.0,1286.15,1321.9,570708,1321.9
2024-06-14,1338.0,1374.0,1299.2,1354.05,1354355,1354.05
2024-06-18,1375.1,1439.0,1369.05,1398.85,849316,1398.85
2024-06-19,1414.25,1414.25,1340.0,1398.9,827050,1398.9
2024-06-20,1413.05,1424.25,1383.15,1397.1,686872,1397.1
2024-06-21,1401.0,1428.3,1331.5,1399.35,921922,1399.35
2024-06-24,1405.0,1417.1,1371.25,1409.65,562650,1409.65
2024-06-25,1411.0,1488.8,1406.0,1413.1,769718,1413.1
2024-06-26,1411.0,1417.85,1371.0,1402.15,570345,1402.15
2024-06-27,1401.4,1417.4,1382.0,1397.85,549839,1397.85
2024-06-28,1397.85,1412.4,1363.3,1386.7,693657,1386.7
2024-07-01,1440.0,1478.05,1402.3,1421.05,906484,1421.05
2024-07-02,1430.0,1454.0,1412.45,1419.3,612714,1419.3
2024-07-03,1426.0,1484.0,1426.0,1477.05,668497,1477.05
2024-07-04,1492.8,1498.0,1472.0,1485.5,536455,1485.5
2024-07-05,1486.0,1508.0,1457.0,1499.3,604681,1499.3
2024-07-08,1549.0,1559.8,1515.0,1547.5,1143703,1547.5
2024-07-09,1559.9,1564.0,1531.05,1547.1,566752,1547.1
2024-07-10,1560.0,1564.0,1500.0,1513.3,570497,1513.3
2024-07-11,1532.0,1544.0,1505.0,1512.0,478533,1512.0
2024-07-12,1519.3,1519.3,1500.0,1512.8,473505,1512.8
2024-07-15,1534.0,1536.0,1500.0,1503.35,520083,1503.35
2024-07-16,1507.0,1516.0,1438.05,1459.9,582548,1459.9
2024-07-18,1460.75,1498.0,1457.55,1479.15,793603,1479.15
2024-07-19,1482.0,1491.7,1456.0,1472.1,534544,1472.1
2024-07-22,1461.0,1498.0,1437.2,1491.65,624901,1491.65
2024-07-23,1486.0,1517.0,1456.1,1465.65,630131,1465.65
2024-07-24,1470.1,1500.0,1466.8,1483.65,488563,1483.65
2024-07-25,1475.0,1494.0,1471.0,1477.7,507551,1477.7
2024-07-26,1481.0,1518.0,1477.0,1508.0,606037,1508.0
2024-07-29,1518.0,1536.8,1499.35,1501.55,472217,1501.55
2024-07-30,1505.0,1575.0,1503.6,1517.5,445120,1517.5
2024-07-31,1519.3,1528.0,1480.0,1488.1,574471,1488.1
2024-08-01,1497.9,1505.85,1442.3,1448.5,642277,1448.5
2024-08-02,1428.0,1456.0,1410.0,1431.95,482448,1431.95
2024-08-05,1416.0,1422.95,1371.25,1392.0,496466,1392.0
2024-08-06,1401.0,1422.0,1390.0,1397.05,405894,1397.05
2024-08-07,1411.0,1444.0,1401.0,1429.1,466556,1429.1
2024-08-08,1448.0,1468.0,1385.0,1402.0,678434,1402.0
2024-08-09,1405.0,1428.0,1401.3,1414.85,468035,1414.85
2024-08-12,1411.0,1460.0,1391.35,1453.4,599241,1453.4
2024-08-13,1494.0,1504.0,1475.0,1481.5,744099,1481.5
2024-08-14,1500.0,1514.0,1480.0,1490.6,536703,1490.6
2024-08-16,1501.0,1532.0,1491.0,1527.5,618799,1527.5
2024-08-19,1539.0,1553.9,1532.25,1548.1,508512,1548.1
2024-08-20,1550.95,1558.0,1526.1,1534.0,456715,1534.0
2024-08-21,1534.0,1539.2,1492.5,1505.7,497418,1505.7
2024-08-22,1511.0,1518.0,1461.85,1510.55,606551,1510.55
2024-08-23,1506.0,1524.95,1486.0,1488.25,420726,1488.25
2024-08-26,1497.0,1497.0,1430.0,1483.05,603232,1483.05
2024-08-27,1496.55,1496.55,1465.0,1489.1,485246,1489.1
2024-08-28,1491.0,1509.95,1436.7,1487.25,639423,1487.25
2024-08-29,1481.0,1483.25,1462.3,1472.9,460174,1472.9
2024-08-30,1474.9,1518.0,1474.9,1503.95,633844,1503.95
2024-09-02,1520.0,1524.0,1490.0,1495.9,495584,1495.9
2024-09-03,1500.0,1500.05,1387.35,1410.05,5630895,1410.05
2024-09-04,1413.0,1440.1,1407.95,1432.35,948579,1432.35
2024-09-05,1444.3,1468.9,1440.9,1465.3,850723,1465.3
2024-09-06,1469.0,1472.9,1431.0,1437.1,682725,1437.1
2024-09-09,1448.35,1464.1,1433.5,1458.3,635600,1458.3
2024-09-10,1462.85,1470.0,1458.0,1464.85,532717,1464.85
2024-09-11,1459.5,1470.3,1453.25,1465.15,619486,1465.15
2024-09-12,1465.15,1481.9,1459.35,1478.15,559567,1478.15
2024-09-13,1482.0,1492.0,1476.4,1481.75,451952,1481.75
2024-09-16,1496.0,1498.85,1475.65,1485.05,440300,1485.05
2024-09-17,1484.4,1499.85,1469.0,1486.65,602927,1486.65
2024-09-18,1498.85,1498.85,1472.3,1483.05,448890,1483.05
2024-09-19,1484.9,1506.7,1476.0,1478.8,571068,1478.8
2024-09-20,1481.0,1548.0,1473.15,1527.4,2637966,1527.4
2024-09-23,1535.0,1581.95,1519.8,1569.5,1255053,1569.5
2024-09-24,1594.85,1605.0,1566.05,1573.2,652106,1573.2
2024-09-25,1584.65,1597.85,1559.1,1579.3,518114,1579.3
2024-09-26,1575.0,1647.0,1575.0,1601.6,883888,1601.6
2024-09-27,1604.9,1614.5,1578.0,1588.3,574818,1588.3
2024-09-30,1605.05,1610.55,1588.4,1597.75,788828,1597.75
2024-10-01,1600.9,1617.85,1590.75,1612.9,502747,1612.9
2024-10-03,1591.0,1608.0,1561.0,1579.55,539647,1579.55
2024-10-04,1591.85,1591.85,1511.0,1536.05,900263,1536.05
2024-10-07,1555.0,1563.75,1483.05,1530.3,590087,1530.3
2024-10-08,1521.0,1549.95,1507.35,1532.35,338047,1532.35
2024-10-09,1570.0,1594.0,1541.0,1544.2,843900,1544.2
2024-10-10,1562.75,1564.4,1502.0,1509.85,377467,1509.85
2024-10-11,1509.85,1515.5,1476.15,1490.7,355544,1490.7
2024-10-14,1496.3,1514.0,1490.0,1505.0,349896,1505.0
2024-10-15,1510.0,1544.0,1492.3,1531.35,439313,1531.35
2024-10-16,1540.55,1540.55,1501.0,1508.65,419589,1508.65
2024-10-17,1512.05,1524.0,1473.1,1485.05,389629,1485.05
2024-10-18,1488.1,1498.0,1435.0,1489.55,488691,1489.55
2024-10-21,1489.55,1503.95,1475.0,1483.05,248099,1483.05
2024-10-22,1480.0,1490.1,1411.0,1431.35,408570,1431.35
2024-10-23,1432.0,1461.2,1401.0,1430.9,345631,1430.9
2024-10-24,1430.0,1439.75,1402.0,1405.55,371839,1405.55
2024-10-25,1405.0,1412.5,1351.0,1370.35,402746,1370.35
2024-10-28,1370.0,1392.4,1350.1,1368.8,358289,1368.8
2024-10-29,1368.0,1414.0,1340.0,1378.4,352174,1378.4
2024-10-30,1389.05,1405.0,1378.25,1386.4,370640,1386.4
2024-10-31,1380.0,1387.3,1353.05,1363.15,416476,1363.15
2024-11-01,1369.5,1424.0,1369.5,1386.65,34085,1386.65
2024-11-04,1381.0,1381.35,1344.0,1355.25,349732,1355.25
2024-11-05,1343.0,1367.95,1330.0,1360.8,370428,1360.8
2024-11-06,1365.8,1414.0,1350.95,1401.45,465243,1401.45
2024-11-07,1404.95,1414.8,1375.0,1384.0,434013,1384.0
2024-11-08,1385.0,1393.0,1254.15,1268.5,1468900,1268.5
2024-11-11,1280.0,1329.85,1250.0,1283.15,824893,1283.15
2024-11-12,1278.8,1348.0,1277.6,1302.2,541693,1302.2
2024-11-13,1302.2,1303.15,1251.0,1257.25,546859,1257.25
2024-11-14,1259.9,1319.0,1259.35,1302.95,548356,1302.95
2024-11-18,1305.0,1309.7,1282.65,1290.8,295764,1290.8
2024-11-19,1290.8,1320.0,1281.95,1289.1,335711,1289.1
2024-11-21,1294.1,1303.5,1250.0,1263.95,404561,1263.95
2024-11-22,1264.85,1312.95,1257.45,1298.1,341484,1298.1
2024-11-25,1330.0,1341.0,1306.65,1327.45,1298212,1327.45
2024-11-26,1325.0,1332.45,1311.0,1315.25,248449,1315.25
2024-11-27,1320.7,1330.4,1311.1,1321.85,241551,1321.85
2024-11-28,1334.0,1347.0,1321.65,1332.4,280228,1332.4
2024-11-29,1330.0,1350.0,1294.05,1347.35,619412,1347.35
2024-12-02,1344.85,1360.95,1318.85,1348.5,534122,1348.5
2024-12-03,1351.9,1373.8,1351.9,1366.1,482447,1366.1
2024-12-04,1366.2,1378.0,1351.1,1368.15,416063,1368.15
2024-12-05,1368.0,1398.0,1346.55,1354.1,681914,1354.1
2024-12-06,1355.0,1356.75,1300.3,1301.95,688014,1301.95
2024-12-09,1301.9,1302.4,1252.0,1273.95,789244,1273.95
2024-12-10,1275.0,1279.65,1234.0,1250.2,888880,1250.2
2024-12-11,1249.45,1259.9,1216.9,1222.0,1022644,1222.0
2024-12-12,1215.0,1264.0,1215.0,1257.25,894557,1257.25
2024-12-13,1255.0,1269.7,1211.7,1237.9,578687,1237.9
2024-12-16,1235.0,1274.0,1227.85,1263.65,583736,1263.65
2024-12-17,1266.2,1312.85,1259.6,1294.3,825447,1294.3
2024-12-18,1299.15,1303.3,1270.5,1294.65,716315,1294.65
2024-12-19,1284.95,1298.7,1271.0,1286.4,476054,1286.4
2024-12-20,1289.9,1295.0,1251.0,1257.1,588414,1257.1
2024-12-23,1264.6,1279.55,1240.5,1251.85,550365,1251.85
2024-12-24,1245.0,1295.1,1243.45,1287.2,613875,1287.2
2024-12-26,1295.45,1342.0,1284.8,1333.4,746568,1333.4
2024-12-27,1335.0,1363.0,1327.0,1354.75,715783,1354.75
2024-12-30,1355.0,1355.0,1320.0,1333.6,604035,1333.6
2024-12-31,1335.95,1371.4,1307.45,1364.75,825754,1364.75
2025-01-01,1360.0,1360.0,1335.7,1353.05,553976,1353.05
2025-01-02,1362.0,1407.75,1347.75,1393.25,810882,1393.25
2025-01-03,1405.7,1414.8,1383.35,1397.4,615655,1397.4
2025-01-06,1411.55,1411.55,1341.0,1348.3,545997,1348.3
2025-01-07,1358.0,1386.85,1341.0,1352.65,534408,1352.65
2025-01-08,1389.0,1404.0,1351.0,1362.75,842814,1362.75
2025-01-09,1365.0,1365.85,1303.9,1308.7,556095,1308.7
2025-01-10,1310.95,1344.0,1250.25,1252.9,610460,1252.9
2025-01-13,1250.05,1252.0,1171.55,1187.9,765745,1187.9
2025-01-14,1188.25,1190.6,1140.1,1144.4,723504,1144.4
2025-01-15,1133.0,1148.45,1106.75,1116.35,740926,1116.35
2025-01-16,1120.05,1189.0,1120.05,1134.15,905289,1134.15
2025-01-17,1140.15,1159.4,1125.0,1128.55,570010,1128.55
2025-01-20,1137.95,1137.95,1105.0,1110.55,693410,1110.55
2025-01-21,1115.0,1116.65,1086.8,1100.8,619119,1100.8
2025-01-22,1103.0,1105.0,1052.0,1073.7,652149,1073.7
2025-01-23,1078.55,1121.5,1070.0,1104.9,531723,1104.9
2025-01-24,1106.0,1132.9,1105.85,1111.1,545941,1111.1
2025-01-27,1105.0,1109.1,1075.1,1091.05,554760,1091.05
2025-01-28,1094.95,1144.8,1071.15,1124.5,663430,1124.5
2025-01-29,1124.95,1180.0,1122.75,1173.0,602141,1173.0
2025-01-30,1172.95,1195.95,1163.8,1186.9,480105,1186.9
2025-01-31,1189.65,1212.8,1185.1,1206.6,535982,1206.6
2025-02-01,1208.95,1254.0,1180.2,1244.1,559192,1244.1
2025-02-03,1238.0,1267.5,1215.4,1258.15,482926,1258.15
2025-02-04,1258.55,1283.1,1255.0,1279.15,506256,1279.15
2025-02-05,1298.0,1314.0,1280.85,1307.15,523102,1307.15
2025-02-06,1311.75,1325.0,1254.0,1258.45,738000,1258.45
2025-02-07,1263.65,1289.9,1250.0,1262.55,535406,1262.55
2025-02-10,1265.9,1339.5,1250.5,1325.95,1407759,1325.95
2025-02-11,1310.0,1317.45,1271.0,1290.75,758287,1290.75
2025-02-12,1291.25,1298.0,1251.0,1256.4,690707,1256.4
2025-02-13,1260.0,1273.25,1214.05,1222.55,701355,1222.55
2025-02-14,1229.5,1233.7,1150.0,1167.95,809861,1167.95
2025-02-17,1142.65,1174.4,1093.2,1129.0,834716,1129.0
2025-02-18,1135.0,1135.05,1094.3,1113.0,762760,1113.0
2025-02-19,1115.0,1139.2,1095.0,1104.45,732833,1104.45
2025-02-20,1104.5,1126.85,1090.0,1104.1,677864,1104.1
2025-02-21,1104.8,1133.5,1076.1,1088.6,669243,1088.6
2025-02-24,1088.0,1113.25,1059.2,1102.05,652502,1102.05
2025-02-25,1100.0,1112.55,1080.25,1095.6,499171,1095.6
2025-02-27,1095.0,1095.05,1076.0,1087.0,611107,1087.0
2025-02-28,1072.4,1083.45,1040.5,1045.15,632664,1045.15
2025-03-03,1045.15,1061.85,1025.5,1049.2,577556,1049.2
2025-03-04,1048.0,1056.0,1021.75,1044.5,708145,1044.5
2025-03-05,1045.25,1070.35,1027.0,1037.0,664100,1037.0
2025-03-06,1041.0,1053.25,1010.8,1015.05,791413,1015.05
2025-03-07,1022.95,1068.75,1013.5,1062.2,623034,1062.2
2025-03-10,1070.55,1078.7,1037.05,1057.8,517411,1057.8
2025-03-11,1049.0,1090.0,1045.1,1067.1,640506,1067.1
2025-03-12,1069.9,1118.5,1065.0,1074.8,684284,1074.8
2025-03-13,1079.45,1094.0,1063.75,1081.65,505828,1081.65
2025-03-17,1089.8,1089.8,1060.15,1064.3,515355,1064.3
2025-03-18,1064.3,1064.3,1064.3,1064.3,0,1064.3
2025-03-19,1085.95,1113.45,1080.85,1104.55,495212,1104.55
2025-03-20,1100.0,1121.25,1090.1,1116.2,500375,1116.2
2025-03-21,1119.9,1203.85,1118.0,1157.95,1111734,1157.95
2025-03-24,1161.0,1184.0,1150.4,1157.7,543760,1157.7
2025-03-25,1155.0,1161.0,1140.5,1148.95,539243,1148.95
2025-03-26,1150.0,1158.0,1135.1,1141.25,467389,1141.25
2025-03-27,1141.0,1143.45,1121.35,1136.25,483564,1136.25
2025-03-28,1140.0,1150.0,1088.0,1093.7,569286,1093.7
2025-04-01,1080.0,1098.65,1072.2,1076.15,255788,1076.15
2025-04-02,1075.0,1120.0,1071.45,1105.25,356636,1105.25
2025-04-03,1105.0,1158.9,1105.0,1118.35,375716,1118.35
2025-04-04,1120.0,1167.6,1091.0,1117.05,1738814,1117.05
2025-04-07,1060.0,1079.45,1045.0,1053.75,327357,1053.75
2025-04-08,1063.5,1093.6,1056.05,1069.05,478508,1069.05
2025-04-09,1070.0,1081.25,1054.9,1069.5,356472,1069.5
2025-04-11,1072.0,1091.75,1068.0,1088.4,266459,1088.4
2025-04-15,1091.0,1134.0,1091.0,1130.7,289774,1130.7
2025-04-16,1141.1,1158.4,1121.0,1126.4,284655,1126.4
2025-04-17,1127.0,1141.4,1119.0,1127.1,241193,1127.1
2025-04-21,1127.5,1147.0,1120.1,1140.4,240512,1140.4
2025-04-22,1140.5,1167.5,1140.5,1156.8,246524,1156.8
2025-04-23,1165.0,1188.7,1155.5,1182.4,291377,1182.4
2025-04-24,1188.0,1192.3,1166.0,1172.1,235542,1172.1
2025-04-25,1172.0,1180.7,1131.5,1136.9,315494,1136.9
2025-04-28,1139.0,1158.0,1122.5,1144.6,255035,1144.6
2025-04-29,1144.6,1158.0,1137.8,1153.6,224162,1153.6
2025-04-30,1160.0,1172.1,1134.1,1148.1,331823,1148.1
2025-05-02,1148.0,1160.9,1136.2,1136.4,247558,1136.4
2025-05-05,1134.9,1146.3,1128.6,1139.2,230609,1139.2
2025-05-06,1140.0,1148.7,1126.0,1133.6,227435,1133.6
2025-05-07,1133.6,1142.5,1110.6,1140.2,262042,1140.2
2025-05-08,1141.0,1178.6,1131.0,1133.4,297667,1133.4
2025-05-09,1133.4,1158.0,1115.6,1150.4,301974,1150.4
2025-05-12,1179.3,1204.0,1170.3,1195.8,307966,1195.8
2025-05-13,1195.8,1196.6,1161.0,1164.4,256824,1164.4
2025-05-14,1173.7,1186.4,1165.5,1172.7,349228,1172.7
2025-05-15,1173.1,1180.9,1162.9,1175.2,272271,1175.2
2025-05-16,1181.0,1243.0,1173.2,1236.1,671895,1236.1
2025-05-19,1247.0,1256.8,1221.0,1249.9,437914,1249.9
2025-05-20,1249.9,1268.0,1233.0,1258.3,440001,1258.3
2025-05-21,1260.0,1260.0,1201.0,1203.8,440637,1203.8
2025-05-22,1209.6,1212.4,1191.0,1206.4,302358,1206.4
2025-05-23,1205.0,1209.0,1191.0,1195.2,266961,1195.2
2025-05-26,1191.0,1207.0,1182.9,1186.6,301930,1186.6
2025-05-27,1190.0,1210.0,1186.6,1191.6,241071,1191.6
2025-05-28,1191.0,1227.5,1191.0,1213.1,303399,1213.1
2025-05-29,1212.9,1234.0,1192.2,1226.4,309295,1226.4
2025-05-30,1225.0,1229.5,1204.6,1212.2,234809,1212.2
2025-06-02,1216.0,1234.1,1211.0,1229.2,329363,1229.2
2025-06-03,1231.1,1264.0,1225.0,1258.7,478422,1258.7
2025-06-04,1270.0,1270.0,1232.3,1234.5,387219,1234.5
2025-06-05,1234.5,1252.9,1227.9,1246.5,320147,1246.5
2025-06-06,1250.0,1294.0,1250.0,1283.1,566980,1283.1
2025-06-09,1292.0,1299.5,1277.1,1286.1,448149,1286.1
2025-06-10,1288.1,1298.0,1287.1,1293.4,326966,1293.4
2025-06-11,1300.0,1308.0,1291.6,1301.4,504314,1301.4
2025-06-12,1304.3,1309.5,1274.0,1282.7,311945,1282.7
2025-06-13,1261.0,1298.0,1256.0,1288.4,329420,1288.4
2025-06-16,1294.9,1298.8,1270.5,1287.7,271081,1287.7
2025-06-17,1297.0,1308.0,1272.0,1276.0,261117,1276.0
2025-06-18,1290.0,1298.0,1265.8,1272.6,315665,1272.6
2025-06-19,1271.0,1288.0,1245.4,1277.0,318232,1277.0
2025-06-20,1279.5,1283.5,1232.0,1243.0,587225,1243.0
2025-06-23,1236.0,1252.5,1231.0,1238.0,292633,1238.0
2025-06-24,1251.0,1263.9,1238.0,1241.9,279316,1241.9
2025-06-25,1246.1,1255.7,1231.2,1251.9,300434,1251.9
2025-06-26,1264.6,1264.6,1245.0,1254.0,259716,1254.0
2025-06-27,1264.0,1264.2,1235.5,1241.9,314511,1241.9
2025-06-30,1242.0,1250.6,1224.0,1237.3,322319,1237.3
2025-07-01,1237.7,1258.0,1231.5,1246.8,298405,1246.8
2025-07-02,1248.4,1261.0,1238.0,1246.9,307005,1246.9
2025-07-03,1248.9,1254.0,1233.3,1236.9,278680,1236.9
2025-07-04,1237.0,1258.0,1235.1,1249.8,271289,1249.8
2025-07-07,1242.1,1253.6,1231.0,1234.3,255957,1234.3
2025-07-08,1232.0,1248.0,1231.0,1240.9,270906,1240.9
2025-07-09,1250.0,1264.0,1240.9,1247.1,401223,1247.1
2025-07-10,1252.9,1294.0,1250.3,1266.9,872506,1266.9
2025-07-11,1271.0,1275.0,1252.0,1255.2,344158,1255.2
2025-07-14,1260.0,1272.9,1242.0,1253.2,235499,1253.2
2025-07-15,1256.0,1263.6,1239.0,1255.0,598201,1255.0
2025-07-16,1255.0,1264.0,1249.3,1252.0,337638,1252.0
2025-07-17,1262.4,1262.4,1240.1,1244.5,333768,1244.5
2025-07-18,1244.9,1251.6,1235.7,1246.7,219578,1246.7
2025-07-21,1250.8,1259.9,1231.7,1237.8,345962,1237.8
2025-07-22,1243.6,1246.3,1214.0,1219.6,266496,1219.6
2025-07-23,1220.0,1227.9,1206.7,1221.4,277810,1221.4
2025-07-24,1221.8,1228.6,1191.0,1193.4,305939,1193.4
2025-07-25,1200.0,1210.8,1172.0,1185.0,391721,1185.0
2025-07-28,1186.0,1187.3,1161.0,1166.0,240478,1166.0
2025-07-29,1166.0,1168.6,1121.0,1128.8,359090,1128.8
2025-07-30,1125.0,1144.0,1122.0,1129.3,259088,1129.3
2025-07-31,1125.0,1153.4,1110.4,1144.6,321252,1144.6
2025-08-01,1144.0,1145.0,1116.0,1131.3,259554,1131.3
2025-08-04,1132.1,1161.0,1117.5,1159.2,295227,1159.2
2025-08-05,1158.0,1158.9,1133.5,1143.0,260857,1143.0
2025-08-06,1144.8,1149.8,1116.0,1118.0,230666,1118.0
2025-08-07,1115.0,1133.2,1096.5,1107.9,286743,1107.9
2025-08-08,1142.9,1144.0,1104.5,1111.4,579269,1111.4
2025-08-11,1120.5,1132.5,1108.5,1110.3,256284,1110.3
2025-08-12,1119.9,1122.4,1106.0,1110.2,229301,1110.2
2025-08-13,1115.4,1117.0,1095.0,1113.6,279103,1113.6
2025-08-14,1115.0,1120.7,1096.1,1100.3,245899,1100.3
2025-08-18,1109.2,1119.8,1101.2,1105.0,250080,1105.0
2025-08-19,1106.0,1112.2,1099.9,1102.8,253305,1102.8
2025-08-20,1106.0,1118.0,1100.4,1114.0,242622,1114.0
2025-08-21,1115.0,1137.9,1115.0,1131.2,302296,1131.2
2025-08-22,1132.0,1133.1,1112.0,1121.9,243502,1121.9
2025-08-25,1126.8,1142.6,1119.5,1126.9,305409,1126.9
2025-08-26,1127.0,1134.1,1111.0,1116.7,307665,1116.7
2025-08-28,1115.0,1115.1,1100.2,1104.2,261641,1104.2
2025-08-29,1105.0,1109.3,1074.4,1089.1,379898,1089.1
2025-09-01,1094.5,1099.7,1066.0,1072.6,293131,1072.6
2025-09-02,1083.7,1092.8,1066.0,1087.5,311189,1087.5
2025-09-03,1086.0,1108.0,1076.7,1103.2,265943,1103.2
2025-09-04,1109.2,1118.0,1097.1,1102.1,297164,1102.1
2025-09-05,1105.0,1114.0,1090.1,1108.0,412405,1108.0
2025-09-08,1110.8,1118.0,1093.1,1100.0,261297,1100.0
2025-09-09,1102.8,1119.9,1096.3,1109.3,242338,1109.3
2025-09-10,1109.5,1134.0,1102.0,1127.7,256103,1127.7
2025-09-11,1127.7,1143.3,1119.0,1122.1,287164,1122.1
2025-09-12,1123.9,1135.0,1111.0,1117.7,238492,1117.7
2025-09-15,1124.3,1139.5,1120.8,1133.0,257520,1133.0
2025-09-16,1136.0,1154.0,1130.0,1143.1,287816,1143.1
2025-09-17,1143.0,1149.0,1131.0,1135.8,234597,1135.8
2025-09-18,1135.0,1158.0,1130.0,1143.8,307620,1143.8
2025-09-19,1144.9,1154.0,1095.0,1107.6,614314,1107.6
2025-09-22,1106.0,1132.3,1106.0,1112.6,298998,1112.6
2025-09-23,1113.4,1120.8,1101.0,1106.4,262677,1106.4
2025-09-24,1107.0,1118.9,1087.1,1095.1,269552,1095.1
2025-09-25,1095.1,1095.9,1074.3,1079.2,290843,1079.2
2025-09-26,1079.9,1087.3,1051.9,1055.2,269635,1055.2
2025-09-29,1058.8,1093.1,1047.7,1084.5,374229,1084.5
2025-09-30,1085.0,1086.3,1047.9,1054.0,290785,1054.0
2025-10-01,1054.7,1060.3,1041.8,1046.3,339556,1046.3
2025-10-03,1049.0,1058.9,1046.0,1052.7,224005,1052.7
2025-10-06,1054.0,1056.7,1026.4,1033.9,302940,1033.9
2025-10-07,1039.0,1040.9,1020.0,1025.8,271262,1025.8
2025-10-08,1031.0,1031.1,996.5,1000.7,364671,1000.7
2025-10-09,1002.3,1008.0,988.0,1005.7,322209,1005.7
2025-10-10,1006.0,1034.0,1003.6,1030.2,287610,1030.2
2025-10-13,1024.9,1047.0,1011.0,1039.0,393101,1039.0
2025-10-14,1035.0,1042.0,996.0,1000.7,408595,1000.7
2025-10-15,1001.0,1047.9,1001.0,1043.6,731054,1043.6
2025-10-16,1047.0,1072.0,1032.6,1067.2,369235,1067.2
2025-10-17,1067.0,1074.4,1056.0,1068.3,326094,1068.3
2025-10-20,1070.3,1080.8,1061.0,1073.1,281134,1073.1
2025-10-21,1065.0,1078.2,1062.6,1072.6,45817,1072.6
2025-10-23,1079.8,1080.5,1060.0,1064.5,293915,1064.5
2025-10-24,1066.0,1118.0,1062.6,1106.8,574198,1106.8
2025-10-27,1110.0,1110.1,1091.5,1105.2,268793,1105.2
2025-10-28,1101.9,1101.9,1067.0,1086.7,944743,1086.7
2025-10-29,1091.8,1099.0,1086.0,1094.5,252221,1094.5
2025-10-30,1102.4,1116.5,1088.4,1096.0,267410,1096.0
2025-10-31,1098.1,1104.0,1081.0,1084.3,260425,1084.3
2025-11-03,1085.0,1107.0,1085.0,1099.9,293451,1099.9
2025-11-04,1102.0,1108.0,1075.0,1077.8,286546,1077.8
2025-11-06,1080.0,1085.3,1070.0,1075.5,261712,1075.5
2025-11-07,1076.1,1079.7,1051.0,1058.2,281933,1058.2
2025-11-10,1040.0,1050.0,1016.0,1021.4,410743,1021.4
2025-11-11,1022.0,1044.0,1016.3,1041.9,305346,1041.9
2025-11-12,1051.0,1073.0,1033.0,1065.4,366961,1065.4
2025-11-13,1070.0,1112.0,1070.0,1102.4,695658,1102.4
2025-11-14,1095.0,1118.0,1090.5,1112.4,323259,1112.4
2025-11-17,1118.0,1120.2,1100.5,1110.6,567956,1110.6
2025-11-18,1111.0,1118.1,1100.0,1110.2,551243,1110.2
2025-11-19,1116.9,1122.0,1101.0,1112.0,656307,1112.0
2025-11-20,1114.8,1128.0,1110.8,1124.8,264177,1124.8
2025-11-21,1129.0,1129.0,1110.0,1116.8,262796,1116.8
2025-11-24,1119.0,1120.1,1100.5,1107.8,258215,1107.8
2025-11-25,1105.0,1126.0,1096.2,1111.7,246537,1111.7
2025-11-26,1120.0,1137.1,1111.9,1132.8,253841,1132.8
2025-11-27,1132.8,1144.0,1121.1,1122.7,280070,1122.7
2025-11-28,1124.9,1126.8,1102.0,1112.9,519874,1112.9
2025-12-01,1118.1,1134.0,1118.1,1132.4,279269,1132.4
2025-12-02,1134.8,1138.0,1125.0,1126.3,240853,1126.3
2025-12-03,1121.0,1130.4,1115.0,1119.4,256337,1119.4
2025-12-04,1119.4,1128.8,1105.5,1118.5,259366,1118.5
2025-12-05,1119.8,1134.0,1117.0,1123.8,232810,1123.8
2025-12-08,1128.8,1132.9,1106.0,1111.4,327351,1111.4
2025-12-09,1111.0,1123.8,1100.1,1118.4,261640,1118.4
2025-12-10,1118.4,1138.0,1095.9,1109.4,354129,1109.4
2025-12-11,1111.0,1120.0,1105.5,1111.7,224679,1111.7
2025-12-12,1113.7,1125.0,1111.0,1122.5,233727,1122.5
2025-12-15,1120.0,1130.0,1115.2,1123.0,222268,1123.0
2025-12-16,1120.0,1128.0,1116.1,1121.1,220187,1121.1
2025-12-17,1121.1,1134.0,1116.2,1130.7,240664,1130.7
2025-12-18,1130.9,1144.0,1122.6,1136.3,273004,1136.3
2025-12-19,1139.9,1151.7,1127.2,1146.5,270189,1146.5
2025-12-22,1150.0,1153.9,1135.0,1140.3,248300,1140.3
2025-12-23,1147.1,1147.1,1135.1,1140.4,231997,1140.4
2025-12-24,1141.0,1148.0,1135.2,1141.5,237301,1141.5
2025-12-26,1142.0,1143.1,1131.5,1138.6,224037,1138.6
2025-12-29,1138.6,1140.1,1130.0,1134.2,222999,1134.2
2025-12-30,1132.0,1135.8,1110.5,1114.4,265771,1114.4
2025-12-31,1114.8,1129.1,1110.5,1127.4,271031,1127.4
2026-01-01,1125.0,1131.6,1123.0,1128.7,207516,1128.7
2026-01-02,1130.9,1138.0,1117.2,1127.0,252711,1127.0
2026-01-05,1134.7,1134.7,1121.0,1129.3,237800,1129.3
2026-01-06,1132.4,1132.4,1117.5,1121.0,218474,1121.0
2026-01-07,1121.0,1122.7,1096.7,1105.4,253711,1105.4
2026-01-08,1105.0,1118.4,951.5,991.6,3856283,991.6
2026-01-09,1010.1,1025.6,996.0,1007.6,733694,1007.6
2026-01-12,987.6,995.9,911.0,955.6,1786499,955.6
2026-01-13,951.0,965.0,921.0,947.6,546596,947.6
2026-01-14,947.6,950.0,916.2,922.9,436443,922.9
2026-01-16,925.9,933.9,915.0,918.4,269675,918.4
2026-01-19,914.0,915.0,890.0,891.1,435467,891.1
2026-01-20,891.2,899.0,879.7,886.1,340802,886.1
2026-01-21,889.1,908.0,869.6,891.6,317787,891.6
2026-01-22,907.9,920.0,877.4,886.8,266819,886.8
2026-01-23,888.0,890.1,853.3,862.3,271748,862.3
2026-01-27,870.0,870.1,775.2,823.0,1116515,823.0
2026-01-28,830.0,832.0,800.1,820.0,371514,820.0
2026-01-29,829.3,841.9,815.6,836.9,278617,836.9
2026-01-30,833.0,945.0,831.2,901.2,5421132,901.2
2026-02-02,895.0,903.05,872.0,891.3,337412,891.3
2026-02-03,958.1,958.1,871.0,876.0,709366,876.0
2026-02-04,865.0,914.0,842.05,882.2,1290795,882.2
2026-02-05,883.5,898.0,874.75,887.8,445019,887.8
2026-02-06,887.8,894.95,846.8,890.0,814755,890.0
2026-02-09,898.5,914.0,881.0,911.2,471684,911.2
2026-02-10,915.0,958.0,911.5,950.4,366948,950.4
2026-02-11,953.4,987.55,945.0,983.55,359713,983.55
2026-02-12,977.6,1000.9,966.65,982.9,351066,982.9
2026-02-13,981.9,1052.6,981.9,1040.55,1715847,1040.55
2026-02-16,1075.0,1111.0,1073.5,1098.5,1486862,1098.5
2026-02-17,1085.0,1101.65,1065.0,1069.2,394254,1069.2
2026-02-18,1073.6,1081.15,1057.0,1062.0,329978,1062.0
2026-02-19,1061.1,1070.0,1032.85,1037.55,285417,1037.55
2026-02-20,1037.0,1039.4,1000.0,1008.0,404349,1008.0
2026-02-23,1016.05,1024.8,960.5,985.25,426271,985.25
2026-02-24,980.0,990.0,926.3,931.1,408588,931.1
2026-02-25,925.0,954.0,925.0,947.55,317277,947.55
2026-02-26,945.0,954.0,934.5,950.2,253630,950.2
2026-02-27,957.3,998.0,928.15,989.8,645400,989.8
2026-03-02,970.0,977.0,950.0,960.7,309231,960.7
2026-03-04,945.0,948.05,907.7,920.45,320511,920.45
2026-03-05,924.6,953.45,905.15,923.3,406652,923.3
2026-03-06,922.35,926.0,891.0,901.5,340600,901.5
2026-03-09,887.6,896.95,861.0,874.55,256226,874.55
2026-03-10,900.0,900.0,875.0,883.25,273972,883.25
2026-03-11,878.1,908.95,840.2,842.45,340926,842.45
2026-03-12,845.0,845.0,811.0,814.7,362899,814.7
2026-03-13,818.3,820.05,781.3,803.7,412285,803.7
2026-03-16,800.0,801.6,767.35,788.45,629935,788.45
2026-03-17,789.95,804.0,781.65,795.25,330247,795.25
2026-03-18,795.0,808.0,778.4,801.75,451357,801.75
2026-03-19,792.6,793.05,761.0,766.95,295349,766.95
2026-03-20,770.05,778.0,758.0,763.65,331676,763.65
2026-03-23,758.05,758.1,721.0,726.45,512358,726.45
2026-03-24,734.2,750.0,725.5,741.65,915096,741.65
2026-03-25,755.6,780.25,746.95,774.75,391571,774.75
2026-03-27,771.0,797.0,740.5,743.25,595620,743.25
2026-03-30,742.95,742.95,710.5,714.2,319086,714.2
2026-04-01,729.0,738.2,720.0,723.65,221423,723.65
2026-04-02,715.0,757.45,705.2,749.5,930802,749.5
2026-04-06,750.0,804.5,736.7,780.3,691428,780.3
2026-04-07,771.0,804.0,767.05,775.4,297364,775.4
2026-04-08,794.9,836.95,794.9,829.2,353984,829.2
2026-04-09,815.15,842.3,810.25,820.8,402936,820.8
2026-04-10,820.0,837.75,816.0,821.5,335477,821.5
2026-04-13,805.0,814.65,782.1,799.2,399013,799.2
2026-04-15,814.8,819.45,798.0,801.45,329796,801.45
2026-04-16,811.0,817.75,799.75,806.95,240778,806.95
2026-04-17,820.0,834.7,800.0,801.25,310155,801.25
2026-04-20,808.6,835.0,794.0,826.0,336370,826.0
2026-04-21,826.9,870.0,826.9,859.15,495243,859.15
2026-04-22,859.15,868.95,853.6,860.85,199402,860.85
2026-04-23,855.0,870.6,852.0,856.0,201480,856.0
2026-04-24,857.5,862.75,827.25,835.25,223509,835.25
2026-04-27,886.85,886.85,850.15,866.7,437112,866.7
2026-04-28,878.0,878.0,850.0,853.6,210951,853.6
2026-04-29,855.0,873.3,852.05,863.05,207609,863.05
2026-04-30,860.0,873.2,850.0,869.25,215206,869.25
2026-05-04,874.8,889.9,867.6,878.75,238292,878.75
2026-05-05,885.2,885.2,865.0,869.55,219299,869.55
2026-05-06,873.8,904.0,870.1,886.6,276533,886.6
2026-05-07,897.0,908.0,880.3,903.75,237849,903.75
2026-05-08,903.0,910.0,894.0,905.25,217244,905.25
2026-05-11,900.0,903.1,881.55,889.1,178276,889.1
2026-05-12,882.6,896.25,853.2,858.95,186944,858.95
2026-05-13,860.5,904.0,852.9,896.65,383134,896.65
2026-05-14,920.0,928.0,858.0,866.2,501177,866.2
2026-05-15,873.7,873.7,845.0,851.3,196063,851.3
2026-05-18,845.0,846.45,827.95,841.0,192817,841.0
2026-05-19,840.05,846.0,833.2,838.1,176298,838.1
2026-05-20,838.0,838.0,820.1,820.75,188538,820.75
2026-05-21,838.0,838.0,819.35,821.85,164048,821.85
2026-05-22,821.95,836.3,816.1,820.1,234920,820.1
2026-05-25,824.4,843.05,810.1,813.65,278306,813.65
2026-05-26,813.8,824.95,802.0,802.85,243049,802.85
2026-05-27,802.0,810.5,798.6,801.4,234845,801.4
2026-05-28,801.4,801.4,801.4,801.4,0,801.4
2026-05-29,820.0,864.0,796.85,852.7,727631,852.7
2026-06-01,851.0,874.0,811.0,820.15,250989,820.15
2026-06-02,820.0,841.5,809.15,827.0,572328,827.0
2026-06-03,827.2,836.95,813.0,818.75,190005,818.75
2026-06-04,819.95,827.0,801.0,812.25,216470,812.25
2026-06-05,813.8,825.0,806.6,812.55,222765,812.55
2026-06-08,812.55,820.0,801.1,806.15,188919,806.15
2026-06-09,817.3,836.0,803.1,806.8,304093,806.8
2026-06-10,813.25,816.95,775.4,779.0,349507,779.0
2026-06-11,775.6,780.85,770.0,777.75,174327,777.75
2026-06-12,779.9,786.3,753.1,776.4,410437,776.4
2026-06-15,786.95,805.85,770.1,788.1,336139,788.1
2026-06-16,790.0,803.5,790.0,797.05,211247,797.05
2026-06-17,801.0,808.0,777.45,792.35,277157,792.35
2026-06-18,806.95,815.95,786.25,791.4,230742,791.4
2026-06-19,792.1,804.0,781.5,798.8,257360,798.8
2026-06-22,792.6,800.0,791.3,792.9,179901,792.9
2026-06-23,793.7,798.0,771.2,778.4,178944,778.4
2026-06-24,775.0,789.6,774.15,780.3,242131,780.3
2026-06-25,780.95,807.35,754.0,756.5,496744,756.5
2026-06-26,756.5,756.5,756.5,756.5,0,756.5
2026-06-29,785.0,785.0,730.0,740.4,561808,740.4
2026-06-30,741.0,748.3,731.95,739.1,196486,739.1
2026-07-01,743.1,760.5,735.1,756.0,292008,756.0
2026-07-02,761.0,767.7,750.0,763.5,237469,763.5
2026-07-03,764.75,768.0,753.35,757.65,224699,757.65
2026-07-06,758.0,798.0,758.0,788.75,842388,788.75
2026-07-07,795.9,823.0,775.0,782.15,857071,782.15
2026-07-08,782.05,782.05,758.0,769.55,243625,769.55
2026-07-09,770.1,823.0,765.0,808.75,1041068,808.75
2026-07-10,817.45,858.0,800.5,848.85,679868,848.85
2026-07-13,849.95,874.0,838.2,846.5,435780,846.5
2026-07-14,842.25,843.95,816.6,822.55,381789,822.55
2026-07-15,825.0,898.0,825.0,841.7,6455423,841.7
2026-07-16,848.45,855.0,788.85,793.15,984177,793.15
2026-07-17,794.85,814.95,773.55,809.7,653155,809.7
2026-07-20,805.0,813.0,796.2,799.35,265592,799.35
2026-07-21,805.0,808.8,791.9,800.05,226657,800.05
2026-07-22,800.1,808.0,780.0,781.1,217525,781.1
2026-07-23,784.2,788.1,763.5,767.3,215948,767.3
2026-07-24,767.3,785.0,755.0,768.35,208099,768.35
2026-07-27,783.9,797.7,780.55,790.8,373293,790.8
2026-07-28,791.0,811.55,791.0,800.3,348592,800.3
2026-07-29,801.0,829.5,796.5,819.6,272665,819.6
2026-07-30,824.15,824.15,803.2,813.45,218859,813.45
2026-07-31,814.3,824.5,811.2,820.45,180245,820.45
2026-08-03,824.8,838.0,822.15,833.65,243694,833.65
2026-08-04,833.65,833.65,815.0,818.35,172342,818.35
2026-08-05,827.9,833.0,811.05,813.7,198824,813.7
2026-08-06,814.6,824.0,810.8,815.0,211788,815.0
2026-08-07,800.0,811.0,795.0,802.3,286812,802.3
2026-08-10,810.0,835.9,802.3,824.65,350469,824.65
2026-08-11,822.0,824.0,811.4,814.9,168942,814.9
2026-08-12,814.9,814.9,801.05,807.95,171961,807.95
2026-08-13,805.0,809.5,800.0,801.05,171184,801.05
2026-08-14,803.9,816.7,802.4,809.25,198452,809.25
2026-08-17,811.05,812.2,800.0,805.05,165148,805.05
2026-08-18,806.0,810.2,792.2,800.95,173950,800.95
2026-08-19,809.0,812.0,781.0,784.9,182535,784.9
2026-08-20,787.2,804.9,786.95,801.0,188528,801.0
2026-08-21,798.0,809.4,792.3,795.3,217388,795.3
2026-08-24,799.6,806.7,790.5,795.4,200972,795.4
2026-08-25,795.0,799.05,785.0,790.6,195902,790.6
2026-08-26,793.9,798.6,770.0,773.65,285337,773.65
2026-08-27,773.65,788.35,771.1,783.5,199200,783.5
2026-08-28,781.0,786.2,776.25,779.25,166979,779.25
2026-08-31,776.25,785.6,755.4,769.9,304095,769.9
2026-09-01,765.0,780.5,761.55,777.2,173679,777.2
2026-09-02,772.3,773.1,760.15,765.3,177375,765.3
2026-09-03,765.8,806.65,765.8,794.2,320782,794.2
2026-09-04,795.0,809.9,783.0,796.55,239499,796.55
2026-09-07,798.7,804.0,791.85,799.95,179010,799.95
2026-09-08,795.0,802.0,780.5,785.2,184890,785.2
2026-09-09,785.0,794.1,775.65,786.8,172473,786.8
2026-09-10,785.0,791.75,770.0,772.35,193205,772.35
2026-09-11,772.35,779.95,751.0,760.85,209605,760.85
2026-09-15,764.9,777.85,748.55,751.15,179141,751.15
2026-09-16,754.6,761.3,742.85,752.5,185649,752.5
2026-09-17,753.6,793.3,745.0,755.3,647904,755.3
2026-09-18,755.0,761.0,744.0,756.95,248406,756.95
2026-09-21,760.0,785.0,752.4,761.9,201080,761.9
2026-09-22,767.15,787.55,760.0,763.1,308020,763.1
2026-09-23,767.3,780.95,766.0,768.75,183408,768.75
2026-09-24,765.0,801.85,763.0,784.6,575820,784.6
2026-09-25,785.0,809.0,776.2,788.85,326666,788.85
2026-09-28,805.0,828.0,761.25,780.35,1645065,780.35
2026-09-29,775.95,775.95,751.0,754.45,298043,754.45
2026-09-30,750.0,761.85,721.05,727.15,331497,727.15
2026-10-01,726.0,745.0,713.0,737.45,227905,737.45
2026-10-02,737.45,737.45,737.45,737.45,0,737.45
2026-10-05,736.8,744.8,732.0,738.2,337538,738.2
2026-10-06,732.6,740.2,717.55,719.35,280837,719.35
2026-10-07,717.6,722.4,710.1,712.5,202716,712.5
2026-10-08,714.4,738.4,695.0,711.25,963944,711.25
2026-10-09,714.8,718.2,706.05,710.05,215154,710.05
