date,open,high,low,close,volume,adj_close
2024-05-21 00:00:00,1603.05,1618.4,1590.0,1600.65,15037,1600.65
2024-05-22 00:00:00,1600.0,1634.9,1595.0,1613.05,13170,1613.05
2024-05-23 00:00:00,1613.05,1621.8,1595.6,1608.3,13912,1608.3
2024-05-24 00:00:00,1603.55,1628.25,1600.0,1614.6,18322,1614.6
2024-05-27 00:00:00,1614.0,1680.0,1555.0,1559.5,186297,1559.5
2024-05-28 00:00:00,1574.0,1598.0,1560.65,1589.4,44160,1589.4
2024-05-29 00:00:00,1596.7,1596.7,1575.6,1584.45,24946,1584.45
2024-05-30 00:00:00,1572.25,1584.75,1534.4,1554.05,14918,1554.05
2024-05-31 00:00:00,1550.25,1595.0,1550.05,1585.6,19857,1585.6
2024-06-03 00:00:00,1626.0,1626.0,1560.0,1573.8,24379,1573.8
2024-06-04 00:00:00,1570.0,1570.0,1414.0,1457.6,47159,1457.6
2024-06-05 00:00:00,1457.6,1538.8,1441.75,1530.8,51127,1530.8
2024-06-06 00:00:00,1532.0,1598.0,1530.1,1591.95,25972,1591.95
2024-06-07 00:00:00,1594.85,1598.0,1570.0,1591.75,25785,1591.75
2024-06-10 00:00:00,1600.0,1649.0,1582.05,1618.4,26659,1618.4
2024-06-11 00:00:00,1618.45,1640.6,1600.1,1608.2,14803,1608.2
2024-06-12 00:00:00,1620.0,1635.0,1584.5,1599.35,38401,1599.35
2024-06-13 00:00:00,1600.8,1615.0,1599.35,1610.95,18282,1610.95
2024-06-14 00:00:00,1602.0,1667.55,1602.0,1661.15,56599,1661.15
2024-06-18 00:00:00,1668.0,1689.0,1628.0,1671.85,73721,1671.85
2024-06-19 00:00:00,1700.0,1705.0,1645.05,1652.1,94420,1652.1
2024-06-20 00:00:00,1655.0,1679.7,1638.45,1671.45,34584,1671.45
2024-06-21 00:00:00,1671.45,1697.95,1664.05,1693.45,70111,1693.45
2024-06-24 00:00:00,1690.0,1696.5,1673.05,1676.85,70890,1676.85
2024-06-25 00:00:00,1676.85,1694.95,1657.05,1682.35,24907,1682.35
2024-06-26 00:00:00,1780.0,1934.6,1728.75,1850.15,722175,1850.15
2024-06-27 00:00:00,1864.95,2020.55,1860.1,1976.2,458875,1976.2
2024-06-28 00:00:00,1960.0,1973.6,1891.6,1921.9,83404,1921.9
2024-07-01 00:00:00,1920.0,1958.35,1903.3,1947.25,79415,1947.25
2024-07-02 00:00:00,1954.95,2025.0,1942.35,1959.3,52056,1959.3
2024-07-03 00:00:00,1959.3,1974.0,1898.3,1951.1,153539,1951.1
2024-07-04 00:00:00,1958.95,1991.7,1949.15,1965.7,45084,1965.7
2024-07-05 00:00:00,1965.0,1979.85,1951.0,1961.1,25549,1961.1
2024-07-08 00:00:00,2054.95,2090.0,1994.4,2061.3999,93614,2061.3999
2024-07-09 00:00:00,2062.05,2073.75,2003.0,2017.55,42415,2017.55
2024-07-10 00:00:00,2020.0,2071.0,1937.5,2053.8,70460,2053.8
2024-07-11 00:00:00,2053.05,2075.1001,1995.4,2010.3,19382,2010.3
2024-07-12 00:00:00,2069.0,2079.0,1992.0,2010.6,49535,2010.6
2024-07-15 00:00:00,2019.0,2032.55,1934.55,1952.15,68483,1952.15
2024-07-16 00:00:00,1952.15,2015.2,1944.05,1991.25,36386,1991.25
2024-07-18 00:00:00,1990.0,1990.0,1908.2,1923.2,801350,1923.2
2024-07-19 00:00:00,1929.85,1971.4,1882.25,1890.0,43672,1890.0
2024-07-22 00:00:00,1890.0,1942.85,1871.1,1917.65,33068,1917.65
2024-07-23 00:00:00,1919.9,1926.75,1820.0,1886.0,38688,1886.0
2024-07-24 00:00:00,1880.0,1956.0,1873.35,1943.2,26060,1943.2
2024-07-25 00:00:00,1943.75,1943.75,1899.3,1924.55,20955,1924.55
2024-07-26 00:00:00,1925.05,1958.0,1923.3,1949.75,18014,1949.75
2024-07-29 00:00:00,1949.75,1954.25,1905.0,1922.4,21479,1922.4
2024-07-30 00:00:00,1951.25,1966.0,1918.75,1954.2,24569,1954.2
2024-07-31 00:00:00,1973.75,2000.95,1927.75,1976.2,48835,1976.2
2024-08-01 00:00:00,2005.85,2005.85,1899.0,1909.0,33707,1909.0
2024-08-02 00:00:00,1878.35,1922.85,1875.0,1908.1,19366,1908.1
2024-08-05 00:00:00,1902.55,1912.0,1847.05,1876.05,30886,1876.05
2024-08-06 00:00:00,1890.0,1920.0,1850.0,1875.6,16254,1875.6
2024-08-07 00:00:00,1885.4,1913.95,1851.1,1877.05,17764,1877.05
2024-08-08 00:00:00,1887.65,1908.75,1853.1,1886.55,15366,1886.55
2024-08-09 00:00:00,1898.25,1918.4,1880.0,1897.55,18538,1897.55
2024-08-12 00:00:00,1880.0,1918.6,1880.0,1896.95,11249,1896.95
2024-08-13 00:00:00,1896.0,1903.2,1879.5,1888.7,15419,1888.7
2024-08-14 00:00:00,1894.05,1900.95,1858.05,1861.6,10605,1861.6
2024-08-16 00:00:00,1889.5,1919.4,1866.15,1911.05,19341,1911.05
2024-08-19 00:00:00,1920.0,1979.8,1915.2,1937.2,20438,1937.2
2024-08-20 00:00:00,1938.9,1974.7,1904.3,1952.85,15085,1952.85
2024-08-21 00:00:00,1956.0,1970.0,1912.0,1934.35,11912,1934.35
2024-08-22 00:00:00,1939.0,1974.95,1936.45,1951.4,21147,1951.4
2024-08-23 00:00:00,1974.7,1995.95,1952.1,1981.0,20060,1981.0
2024-08-26 00:00:00,1989.85,1989.85,1947.05,1979.7,14361,1979.7
2024-08-27 00:00:00,1980.0,2018.8,1964.55,1973.75,204877,1973.75
2024-08-28 00:00:00,1973.75,2010.0,1952.0,1970.25,14794,1970.25
2024-08-29 00:00:00,1952.15,1990.7,1935.05,1975.15,15880,1975.15
2024-08-30 00:00:00,1975.15,1988.3,1950.8,1976.85,17666,1976.85
2024-09-02 00:00:00,1962.1,1988.0,1929.6,1958.1,21457,1958.1
2024-09-03 00:00:00,1977.0,2045.0,1960.0,2013.65,73177,2013.65
2024-09-04 00:00:00,2003.0,2026.75,1987.55,2021.2,21416,2021.2
2024-09-05 00:00:00,2038.55,2047.0,2022.05,2038.1,23791,2038.1
2024-09-06 00:00:00,2040.0,2064.0,2013.05,2035.25,25521,2035.25
2024-09-09 00:00:00,2039.9,2264.5,2039.9,2166.8,213725,2166.8
2024-09-10 00:00:00,2167.0,2192.7,2098.95,2123.75,32280,2123.75
2024-09-11 00:00:00,2110.0,2132.1001,2051.6001,2081.8501,20922,2081.8501
2024-09-12 00:00:00,2065.0,2122.0,2052.0,2106.3501,21050,2106.3501
2024-09-13 00:00:00,2111.8501,2111.8501,2040.05,2071.5,17766,2071.5
2024-09-16 00:00:00,2100.0,2155.0,2070.0,2127.05,19967,2127.05
2024-09-17 00:00:00,2148.3,2148.3,2082.6001,2103.8,20039,2103.8
2024-09-18 00:00:00,2100.0,2102.5,2033.0,2059.8,26732,2059.8
2024-09-19 00:00:00,2034.0,2132.3501,1990.05,2006.0,52541,2006.0
2024-09-20 00:00:00,2036.1,2048.0,1974.6,2021.45,18580,2021.45
2024-09-23 00:00:00,2021.45,2045.15,1993.15,2004.2,14512,2004.2
2024-09-24 00:00:00,2004.2,2018.8,1960.0,1974.05,14222,1974.05
2024-09-25 00:00:00,1981.95,1988.8,1944.0,1964.0,21593,1964.0
2024-09-26 00:00:00,1965.0,1989.7,1950.0,1986.2,59834,1986.2
2024-09-27 00:00:00,1992.0,2049.0,1990.0,2028.5,19758,2028.5
2024-09-30 00:00:00,2051.0,2051.0,1978.0,2038.05,21464,2038.05
2024-10-01 00:00:00,2046.8,2134.45,2046.1,2113.3999,52769,2113.3999
2024-10-03 00:00:00,2111.0,2111.0,2061.0,2087.8,18688,2087.8
2024-10-04 00:00:00,2100.0,2180.0,2010.0,2148.3,46580,2148.3
2024-10-07 00:00:00,2157.0,2166.95,2050.1001,2091.05,28064,2091.05
2024-10-08 00:00:00,2062.3,2176.6001,2060.7,2157.8,41251,2157.8
2024-10-09 00:00:00,2174.45,2230.0,2160.1499,2190.8,29497,2190.8
2024-10-10 00:00:00,2190.8,2320.0,2185.0,2295.3,45578,2295.3
2024-10-11 00:00:00,2309.25,2350.0,2220.05,2332.2,25357,2332.2
2024-10-14 00:00:00,2332.2,2332.8,2254.95,2293.3501,19819,2293.3501
2024-10-15 00:00:00,2312.2,2374.0,2236.05,2264.6499,70596,2264.6499
2024-10-16 00:00:00,2267.95,2698.0,2264.05,2626.3,344141,2626.3
2024-10-17 00:00:00,2613.0,2735.0,2579.3999,2662.95,141899,2662.95
2024-10-18 00:00:00,2590.0,2590.0,2299.0,2360.45,314003,2360.45
2024-10-21 00:00:00,2377.05,2382.55,2300.0,2307.25,313307,2307.25
2024-10-22 00:00:00,2287.3999,2325.95,2150.0,2180.45,106308,2180.45
2024-10-23 00:00:00,2182.95,2275.0,2144.3999,2242.05,42216,2242.05
2024-10-24 00:00:00,2248.7,2319.8,2180.0,2212.3,38439,2212.3
2024-10-25 00:00:00,2200.0,2222.05,2146.1001,2196.2,38969,2196.2
2024-10-28 00:00:00,2196.2,2276.45,2176.05,2241.7,28780,2241.7
2024-10-29 00:00:00,2251.3,2310.0,2182.3999,2232.8,20012,2232.8
2024-10-30 00:00:00,2240.0,2292.1001,2214.75,2246.55,23198,2246.55
2024-10-31 00:00:00,2287.0,2297.05,2230.1499,2280.2,17499,2280.2
2024-11-01 00:00:00,2350.0,2379.6499,2300.95,2334.95,17170,2334.95
2024-11-04 00:00:00,2340.05,2358.25,2260.2,2299.05,42524,2299.05
2024-11-05 00:00:00,2345.1001,2412.0,2280.55,2356.8,50768,2356.8
2024-11-06 00:00:00,2360.0,2377.7,2319.3501,2334.1499,15174,2334.1499
2024-11-07 00:00:00,2369.1499,2369.1499,2202.3999,2252.3999,43493,2252.3999
2024-11-08 00:00:00,2284.8999,2284.95,2193.6001,2206.6001,33080,2206.6001
2024-11-11 00:00:00,2206.6001,2265.0,2168.05,2255.25,21487,2255.25
2024-11-12 00:00:00,2277.0,2298.8999,2217.6499,2248.3999,38273,2248.3999
2024-11-13 00:00:00,2214.6499,2223.6001,2150.0,2167.8,54033,2167.8
2024-11-14 00:00:00,2179.8999,2259.1001,2130.0,2230.1499,34357,2230.1499
2024-11-18 00:00:00,2160.1001,2309.95,2160.1001,2248.75,27812,2248.75
2024-11-19 00:00:00,2251.0,2285.25,2208.05,2253.3,14312,2253.3
2024-11-21 00:00:00,2220.0,2296.3501,2207.6001,2260.5,25432,2260.5
2024-11-22 00:00:00,2283.05,2410.0,2248.0,2363.75,46821,2363.75
2024-11-25 00:00:00,2417.0,2470.0,2360.05,2448.8501,42685,2448.8501
2024-11-26 00:00:00,2448.8501,2581.0,2422.1001,2568.3501,39952,2568.3501
2024-11-27 00:00:00,2585.0,2653.95,2446.45,2500.3,47987,2500.3
2024-11-28 00:00:00,2500.3,2516.95,2463.55,2482.2,10623,2482.2
2024-11-29 00:00:00,2491.8,2558.0,2441.3,2524.7,18257,2524.7
2024-12-02 00:00:00,2504.75,2589.0,2485.05,2549.8501,15071,2549.8501
2024-12-03 00:00:00,2600.0,2661.8999,2554.0,2603.25,19099,2603.25
2024-12-04 00:00:00,2626.0,2626.0,2550.0,2593.25,11009,2593.25
2024-12-05 00:00:00,2605.0,2607.95,2450.0,2473.0,31156,2473.0
2024-12-06 00:00:00,2473.0,2544.0,2470.5,2493.6499,11846,2493.6499
2024-12-09 00:00:00,2530.0,2530.0,2450.25,2467.0,25830,2467.0
2024-12-10 00:00:00,2504.0,2573.8,2451.0,2555.55,29531,2555.55
2024-12-11 00:00:00,2452.0,2599.3501,2452.0,2498.8501,32690,2498.8501
2024-12-12 00:00:00,2528.0,2565.0,2484.95,2512.95,9991,2512.95
2024-12-13 00:00:00,2507.5,2578.0,2500.1001,2513.55,17725,2513.55
2024-12-16 00:00:00,2502.0,2529.3501,2443.05,2458.1499,38963,2458.1499
2024-12-17 00:00:00,2484.0,2495.95,2420.0,2444.3999,25172,2444.3999
2024-12-18 00:00:00,2480.0,2480.0,2399.8501,2445.3,497014,2445.3
2024-12-19 00:00:00,2435.0,2575.45,2400.05,2549.3,134974,2549.3
2024-12-20 00:00:00,2549.3,2549.3,2452.0,2466.95,22813,2466.95
2024-12-23 00:00:00,2470.05,2490.0,2414.3999,2464.3501,21221,2464.3501
2024-12-24 00:00:00,2472.0,2484.0,2410.0,2436.7,27474,2436.7
2024-12-26 00:00:00,2473.0,2473.0,2376.3501,2389.25,36941,2389.25
2024-12-27 00:00:00,2390.25,2436.95,2321.05,2348.8999,47898,2348.8999
2024-12-30 00:00:00,2352.0,2387.0,2265.6499,2279.45,34682,2279.45
2024-12-31 00:00:00,2279.0,2290.0,2193.6499,2210.7,58304,2210.7
2025-01-01 00:00:00,2239.0,2302.45,2197.0,2217.6499,69446,2217.6499
2025-01-02 00:00:00,2250.8999,2322.2,2239.8,2292.25,68398,2292.25
2025-01-03 00:00:00,2316.25,2336.0,2279.3501,2303.05,42575,2303.05
2025-01-06 00:00:00,2303.05,2306.3,2230.0,2256.0,22200,2256.0
2025-01-07 00:00:00,2244.5,2311.7,2240.05,2267.45,48331,2267.45
2025-01-08 00:00:00,2273.7,2273.95,2222.1001,2235.8,13462,2235.8
2025-01-09 00:00:00,2213.45,2258.05,2213.45,2239.8999,23921,2239.8999
2025-01-10 00:00:00,2229.8999,2235.55,2125.95,2137.7,29751,2137.7
2025-01-13 00:00:00,2050.1499,2106.6499,1972.0,1992.45,34004,1992.45
2025-01-14 00:00:00,2022.3,2063.0,1992.0,2045.3,21411,2045.3
2025-01-15 00:00:00,2045.0,2112.05,2036.85,2071.3,13561,2071.3
2025-01-16 00:00:00,2110.0,2129.8999,2060.0,2076.45,12172,2076.45
2025-01-17 00:00:00,2083.0,2150.0,2044.5,2127.7,11515,2127.7
2025-01-20 00:00:00,2112.0,2134.8999,2050.7,2112.05,14857,2112.05
2025-01-21 00:00:00,2130.0,2141.6499,2060.2,2080.05,17198,2080.05
2025-01-22 00:00:00,2100.0,2100.0,1985.1,2027.35,9536,2027.35
2025-01-23 00:00:00,2000.0,2048.75,1967.0,1971.7,79488,1971.7
2025-01-24 00:00:00,1991.4,1991.4,1910.35,1927.85,10344,1927.85
2025-01-27 00:00:00,1917.0,1920.0,1867.0,1899.65,35653,1899.65
2025-01-28 00:00:00,1890.0,1912.4,1780.15,1802.3,43333,1802.3
2025-01-29 00:00:00,1780.05,1947.75,1780.05,1919.55,20410,1919.55
2025-01-30 00:00:00,1890.75,1924.75,1881.25,1899.8,13177,1899.8
2025-01-31 00:00:00,1909.3,1982.85,1869.0,1955.4,19631,1955.4
2025-02-01 00:00:00,1965.1,2009.9,1948.95,1986.85,7233,1986.85
2025-02-03 00:00:00,1986.85,2044.0,1943.0,1986.05,69127,1986.05
2025-02-04 00:00:00,1980.05,2008.95,1902.35,1926.05,75061,1926.05
2025-02-05 00:00:00,1930.0,1956.0,1897.75,1907.45,35811,1907.45
2025-02-06 00:00:00,1926.45,1975.55,1910.7,1967.85,11573,1967.85
2025-02-07 00:00:00,1985.0,1985.0,1898.0,1911.85,15714,1911.85
2025-02-10 00:00:00,1892.25,1892.25,1722.0,1751.35,37218,1751.35
2025-02-11 00:00:00,1780.0,1780.0,1701.0,1742.05,20748,1742.05
2025-02-12 00:00:00,1742.05,1820.0,1695.0,1790.5,20882,1790.5
2025-02-13 00:00:00,1817.35,1821.0,1761.0,1795.25,11008,1795.25
2025-02-14 00:00:00,1822.2,1822.2,1592.05,1615.25,61183,1615.25
2025-02-17 00:00:00,1639.5,1743.2,1576.35,1723.7,45943,1723.7
2025-02-18 00:00:00,1697.85,1698.0,1598.1,1611.55,28668,1611.55
2025-02-19 00:00:00,1615.0,1711.55,1602.05,1667.65,39196,1667.65
2025-02-20 00:00:00,1670.0,1724.75,1645.05,1654.3,36538,1654.3
2025-02-21 00:00:00,1654.3,1718.0,1627.8,1667.85,24013,1667.85
2025-02-24 00:00:00,1662.0,1695.95,1615.65,1687.5,25979,1687.5
2025-02-25 00:00:00,1700.0,1706.25,1614.2,1621.45,29584,1621.45
2025-02-27 00:00:00,1629.4,1636.4,1582.3,1600.65,15937,1600.65
2025-02-28 00:00:00,1599.0,1610.95,1556.05,1576.4,21339,1576.4
2025-03-03 00:00:00,1576.4,1598.95,1464.25,1504.75,45310,1504.75
2025-03-04 00:00:00,1495.0,1640.2,1478.45,1571.9,40214,1571.9
2025-03-05 00:00:00,1585.0,1680.0,1584.2,1668.0,26108,1668.0
2025-03-06 00:00:00,1653.5,1772.4,1652.8,1746.6,27636,1746.6
2025-03-07 00:00:00,1745.0,1756.45,1692.05,1720.65,39706,1720.65
2025-03-10 00:00:00,1746.45,1754.85,1655.0,1666.0,19980,1666.0
2025-03-11 00:00:00,1666.0,1691.95,1621.0,1638.0,28643,1638.0
2025-03-12 00:00:00,1650.0,1680.05,1574.75,1625.85,24436,1625.85
2025-03-13 00:00:00,1650.0,1650.0,1585.0,1595.25,23000,1595.25
2025-03-17 00:00:00,1599.95,1630.0,1585.0,1611.85,34773,1611.85
2025-03-18 00:00:00,1611.85,1611.85,1611.85,1611.85,0,1611.85
2025-03-19 00:00:00,1649.9,1674.0,1613.0,1620.85,43134,1620.85
2025-03-20 00:00:00,1635.0,1657.0,1609.0,1628.55,35733,1628.55
2025-03-21 00:00:00,1636.7,1690.8,1626.0,1632.5,45338,1632.5
2025-03-24 00:00:00,1675.0,1683.85,1649.4,1658.25,31807,1658.25
2025-03-25 00:00:00,1660.0,1674.75,1617.0,1648.2,24788,1648.2
2025-03-26 00:00:00,1720.95,1806.2,1609.45,1619.0,257562,1619.0
2025-03-27 00:00:00,1649.0,1709.65,1609.45,1696.85,83201,1696.85
2025-03-28 00:00:00,1690.0,1723.7,1636.0,1647.35,34086,1647.35
2025-04-01 00:00:00,1655.0,1744.0,1640.0,1722.35,55724,1722.35
2025-04-02 00:00:00,1736.15,1746.45,1680.0,1691.85,27220,1691.85
2025-04-03 00:00:00,1691.85,1701.85,1642.0,1672.9,31231,1672.9
2025-04-04 00:00:00,1672.9,1689.35,1578.2,1598.7,50466,1598.7
2025-04-07 00:00:00,1546.0,1570.75,1510.0,1557.05,44161,1557.05
2025-04-08 00:00:00,1580.4,1617.0,1560.05,1602.05,28513,1602.05
2025-04-09 00:00:00,1602.05,1635.95,1555.15,1618.4,34680,1618.4
2025-04-11 00:00:00,1694.8,1697.45,1628.95,1680.55,46259,1680.55
2025-04-15 00:00:00,1725.0,1734.9,1695.4,1725.5,32059,1725.5
2025-04-16 00:00:00,1750.0,1765.0,1721.1,1754.4,25594,1754.4
2025-04-17 00:00:00,1750.0,1777.7,1732.1,1769.9,26271,1769.9
2025-04-21 00:00:00,1775.0,1799.0,1755.0,1792.4,32024,1792.4
2025-04-22 00:00:00,1783.6,1825.0,1770.9,1813.9,24587,1813.9
2025-04-23 00:00:00,1813.9,1835.9,1770.3,1788.3,40897,1788.3
2025-04-24 00:00:00,1788.5,1824.0,1753.0,1755.3,21080,1755.3
2025-04-25 00:00:00,1755.1,1777.7,1657.0,1668.4,50060,1668.4
2025-04-28 00:00:00,1655.0,1711.8,1653.6,1685.9,39592,1685.9
2025-04-29 00:00:00,1685.9,1711.9,1625.1,1640.7,50540,1640.7
2025-04-30 00:00:00,1616.1,1645.4,1570.0,1577.0,39032,1577.0
2025-05-02 00:00:00,1580.0,1630.9,1566.1,1601.1,50917,1601.1
2025-05-05 00:00:00,1640.0,1640.0,1598.3,1622.0,17655,1622.0
2025-05-06 00:00:00,1622.0,1632.9,1562.2,1570.3,22485,1570.3
2025-05-07 00:00:00,1570.3,1585.0,1553.7,1571.9,18127,1571.9
2025-05-08 00:00:00,1577.0,1614.9,1535.8,1549.3,21872,1549.3
2025-05-09 00:00:00,1525.0,1609.3,1522.7,1602.6,38218,1602.6
2025-05-12 00:00:00,1644.0,1709.0,1643.9,1677.6,36460,1677.6
2025-05-13 00:00:00,1696.0,1723.0,1645.2,1691.8,39471,1691.8
2025-05-14 00:00:00,1699.9,1768.9,1686.6,1708.7,45744,1708.7
2025-05-15 00:00:00,1722.4,1763.9,1705.7,1743.8,63839,1743.8
2025-05-16 00:00:00,1768.0,1768.0,1722.0,1739.9,18413,1739.9
2025-05-19 00:00:00,1765.9,1824.0,1747.3,1804.3,54162,1804.3
2025-05-20 00:00:00,1804.3,1815.0,1752.0,1772.4,30052,1772.4
2025-05-21 00:00:00,1772.0,1800.0,1754.8,1790.8,40134,1790.8
2025-05-22 00:00:00,1790.8,1812.7,1762.0,1777.2,27387,1777.2
2025-05-23 00:00:00,1764.0,1845.0,1764.0,1834.6,25309,1834.6
2025-05-26 00:00:00,1835.0,1860.4,1703.0,1770.9,169807,1770.9
2025-05-27 00:00:00,1770.0,1873.0,1734.9,1837.5,50173,1837.5
2025-05-28 00:00:00,1837.2,1837.2,1696.0,1705.8,96010,1705.8
2025-05-29 00:00:00,1705.8,1719.3,1628.1,1636.2,81040,1636.2
2025-05-30 00:00:00,1640.0,1660.2,1635.1,1638.6,35996,1638.6
2025-06-02 00:00:00,1655.0,1660.0,1632.0,1649.4,34902,1649.4
2025-06-03 00:00:00,1650.0,1717.6,1646.1,1700.2,42285,1700.2
2025-06-04 00:00:00,1719.0,1719.0,1686.1,1702.8,29153,1702.8
2025-06-05 00:00:00,1707.0,1712.8,1674.0,1680.7,32095,1680.7
2025-06-06 00:00:00,1680.0,1707.5,1676.7,1692.7,22071,1692.7
2025-06-09 00:00:00,1692.7,1725.0,1690.0,1713.2,40905,1713.2
2025-06-10 00:00:00,1713.2,1752.0,1706.0,1741.9,26280,1741.9
2025-06-11 00:00:00,1743.0,1757.7,1735.0,1748.2,22898,1748.2
2025-06-12 00:00:00,1748.2,1783.2,1717.5,1731.8,47531,1731.8
2025-06-13 00:00:00,1710.0,1727.9,1685.2,1721.2,16284,1721.2
2025-06-16 00:00:00,1720.0,1720.0,1676.8,1695.6,36538,1695.6
2025-06-17 00:00:00,1692.9,1701.9,1630.0,1637.3,43009,1637.3
2025-06-18 00:00:00,1635.0,1673.4,1629.1,1661.6,47721,1661.6
2025-06-19 00:00:00,1660.0,1685.0,1646.8,1669.6,24475,1669.6
2025-06-20 00:00:00,1669.0,1677.2,1625.0,1646.1,28250,1646.1
2025-06-23 00:00:00,1646.1,1653.1,1605.0,1609.0,30256,1609.0
2025-06-24 00:00:00,1612.5,1642.5,1593.7,1600.1,73931,1600.1
2025-06-25 00:00:00,1599.0,1663.1,1598.0,1628.3,69186,1628.3
2025-06-26 00:00:00,1666.0,1677.6,1617.2,1621.8,78911,1621.8
2025-06-27 00:00:00,1643.0,1670.0,1625.6,1650.6,42865,1650.6
2025-06-30 00:00:00,1645.0,1666.1,1614.8,1638.5,25490,1638.5
2025-07-01 00:00:00,1638.5,1652.3,1615.0,1617.1,25462,1617.1
2025-07-02 00:00:00,1618.8,1632.7,1604.1,1612.3,29561,1612.3
2025-07-03 00:00:00,1628.4,1628.4,1609.3,1616.9,13174,1616.9
2025-07-04 00:00:00,1611.1,1632.4,1608.1,1619.2,15499,1619.2
2025-07-07 00:00:00,1619.2,1630.6,1600.0,1612.5,28299,1612.5
2025-07-08 00:00:00,1612.5,1645.3,1603.1,1631.7,29688,1631.7
2025-07-09 00:00:00,1631.7,1648.0,1612.5,1627.5,19426,1627.5
2025-07-10 00:00:00,1627.0,1645.0,1619.1,1639.4,14791,1639.4
2025-07-11 00:00:00,1635.0,1668.8,1631.1,1656.5,54338,1656.5
2025-07-14 00:00:00,1650.0,1696.4,1648.6,1684.4,33601,1684.4
2025-07-15 00:00:00,1692.7,1712.8,1666.5,1703.0,30517,1703.0
2025-07-16 00:00:00,1704.9,1721.9,1701.8,1712.8,17492,1712.8
2025-07-17 00:00:00,1712.8,1731.0,1700.2,1727.0,38231,1727.0
2025-07-18 00:00:00,1735.6,1751.0,1696.1,1740.5,38147,1740.5
2025-07-21 00:00:00,1745.3,1767.5,1720.5,1750.2,52209,1750.2
2025-07-22 00:00:00,1745.0,1766.5,1729.5,1745.2,30011,1745.2
2025-07-23 00:00:00,1731.7,1864.9,1725.9,1855.6,165030,1855.6
2025-07-24 00:00:00,1855.6,1890.0,1840.0,1880.4,102710,1880.4
2025-07-25 00:00:00,1889.3,1900.0,1839.9,1881.0,82286,1881.0
2025-07-28 00:00:00,1870.1,1911.3,1848.1,1866.4,79656,1866.4
2025-07-29 00:00:00,1852.4,1879.6,1770.5,1787.1,79565,1787.1
2025-07-30 00:00:00,1786.0,1798.0,1740.0,1771.1,31096,1771.1
2025-07-31 00:00:00,1726.0,1778.0,1726.0,1747.7,21584,1747.7
2025-08-01 00:00:00,1772.5,1799.7,1736.4,1783.4,35877,1783.4
2025-08-04 00:00:00,1799.0,1870.0,1760.7,1830.4,43541,1830.4
2025-08-05 00:00:00,1820.7,1829.6,1776.0,1808.9,26553,1808.9
2025-08-06 00:00:00,1807.5,1824.0,1763.2,1787.2,31446,1787.2
2025-08-07 00:00:00,1779.9,1779.9,1712.5,1733.1,18768,1733.1
2025-08-08 00:00:00,1741.7,1747.0,1675.0,1684.2,34385,1684.2
2025-08-11 00:00:00,1684.0,1723.8,1673.2,1700.0,21715,1700.0
2025-08-12 00:00:00,1693.7,1709.8,1654.7,1666.0,9404,1666.0
2025-08-13 00:00:00,1656.1,1685.0,1644.5,1671.4,14327,1671.4
2025-08-14 00:00:00,1665.1,1685.0,1642.0,1660.9,10863,1660.9
2025-08-18 00:00:00,1679.8,1684.7,1645.0,1647.5,17550,1647.5
2025-08-19 00:00:00,1650.0,1678.6,1645.0,1669.8,10849,1669.8
2025-08-20 00:00:00,1670.0,1685.0,1640.0,1644.0,22625,1644.0
2025-08-21 00:00:00,1648.7,1665.0,1622.0,1631.4,32842,1631.4
2025-08-22 00:00:00,1630.0,1654.0,1616.6,1632.6,16607,1632.6
2025-08-25 00:00:00,1630.4,1695.3,1630.4,1688.8,30655,1688.8
2025-08-26 00:00:00,1680.0,1685.8,1642.4,1670.9,24130,1670.9
2025-08-28 00:00:00,1670.0,1675.2,1640.5,1670.1,22451,1670.1
2025-08-29 00:00:00,1670.0,1698.1,1642.0,1685.1,25402,1685.1
2025-09-01 00:00:00,1685.0,1711.1,1672.0,1678.1,11072,1678.1
2025-09-02 00:00:00,1688.1,1695.0,1614.9,1624.1,62501,1624.1
2025-09-03 00:00:00,1625.0,1666.4,1612.3,1617.7,49733,1617.7
2025-09-04 00:00:00,1630.0,1640.3,1594.1,1599.0,49261,1599.0
2025-09-05 00:00:00,1599.0,1683.9,1595.1,1657.6,52914,1657.6
2025-09-08 00:00:00,1665.9,1885.0,1665.8,1835.1,533977,1835.1
2025-09-09 00:00:00,1845.0,1858.8,1770.0,1797.4,84756,1797.4
2025-09-10 00:00:00,1814.0,1820.0,1762.6,1806.6,72097,1806.6
2025-09-11 00:00:00,1805.0,1805.0,1731.6,1740.4,28491,1740.4
2025-09-12 00:00:00,1750.0,1793.9,1722.2,1726.4,31707,1726.4
2025-09-15 00:00:00,1734.3,1748.7,1704.7,1726.6,34899,1726.6
2025-09-16 00:00:00,1726.5,1779.0,1715.0,1722.7,38119,1722.7
2025-09-17 00:00:00,1724.0,1773.9,1723.5,1752.2,53658,1752.2
2025-09-18 00:00:00,1757.0,1759.0,1723.2,1729.0,51816,1729.0
2025-09-19 00:00:00,1724.0,1744.2,1705.0,1713.0,45826,1713.0
2025-09-22 00:00:00,1723.0,1753.0,1686.0,1694.9,29187,1694.9
2025-09-23 00:00:00,1694.0,1739.9,1694.0,1729.0,20647,1729.0
2025-09-24 00:00:00,1729.2,1740.0,1705.0,1730.5,22954,1730.5
2025-09-25 00:00:00,1730.0,1740.3,1701.3,1708.1,26425,1708.1
2025-09-26 00:00:00,1725.0,1725.0,1625.1,1652.2,37997,1652.2
2025-09-29 00:00:00,1652.3,1661.8,1621.0,1629.8,71605,1629.8
2025-09-30 00:00:00,1629.0,1663.9,1629.0,1646.8,23992,1646.8
2025-10-01 00:00:00,1646.0,1680.0,1645.5,1667.2,44531,1667.2
2025-10-03 00:00:00,1667.2,1729.1,1667.2,1718.5,86503,1718.5
2025-10-06 00:00:00,1700.0,1818.0,1700.0,1791.6,151131,1791.6
2025-10-07 00:00:00,1805.9,1850.2,1784.6,1823.8,227012,1823.8
2025-10-08 00:00:00,1828.8,1995.0,1820.0,1929.0,296831,1929.0
2025-10-09 00:00:00,1931.0,2047.0,1931.0,2034.9,309423,2034.9
2025-10-10 00:00:00,2025.0,2049.8999,1984.8,2018.0,77449,2018.0
2025-10-13 00:00:00,1994.9,2030.4,1979.2,2025.1,41655,2025.1
2025-10-14 00:00:00,2020.0,2038.7,1992.5,2003.6,75957,2003.6
2025-10-15 00:00:00,2003.6,2022.0,1990.0,1999.1,39756,1999.1
2025-10-16 00:00:00,1990.2,2008.3,1945.0,1952.1,58919,1952.1
2025-10-17 00:00:00,1952.0,1985.0,1910.3,1923.1,78655,1923.1
2025-10-20 00:00:00,1923.1,1973.0,1885.0,1889.4,33149,1889.4
2025-10-21 00:00:00,1861.0,1955.1,1861.0,1944.8,11088,1944.8
2025-10-23 00:00:00,1974.0,1983.8,1908.6,1917.5,24424,1917.5
2025-10-24 00:00:00,1917.5,1968.0,1880.1,1905.2,58630,1905.2
2025-10-27 00:00:00,1913.0,2084.3,1913.0,2045.6,427959,2045.6
2025-10-28 00:00:00,2048.6001,2058.7,1965.1,1994.7,86179,1994.7
2025-10-29 00:00:00,2000.0,2023.3,1975.6,2011.6,41866,2011.6
2025-10-30 00:00:00,2011.0,2093.0,1998.9,2072.0,128948,2072.0
2025-10-31 00:00:00,2079.5,2079.5,2040.0,2056.8,46375,2056.8
2025-11-03 00:00:00,2065.8999,2120.1001,2020.0,2109.0,66020,2109.0
2025-11-04 00:00:00,2100.0,2107.0,2060.6001,2076.0,27258,2076.0
2025-11-06 00:00:00,2075.1001,2075.1001,2021.4,2032.9,41080,2032.9
2025-11-07 00:00:00,2030.0,2075.0,1981.9,2050.3,38758,2050.3
2025-11-10 00:00:00,2062.0,2080.0,2037.1,2057.3,89460,2057.3
2025-11-11 00:00:00,2057.0,2057.0,1916.0,1936.6,65593,1936.6
2025-11-12 00:00:00,1967.0,1969.0,1890.1,1896.9,35283,1896.9
2025-11-13 00:00:00,1919.0,1929.8,1880.8,1917.2,44428,1917.2
2025-11-14 00:00:00,1917.2,1945.0,1870.0,1905.0,78154,1905.0
2025-11-17 00:00:00,1920.0,2020.0,1895.2,2004.8,83217,2004.8
2025-11-18 00:00:00,2022.0,2083.8999,1991.3,2024.5,74405,2024.5
2025-11-19 00:00:00,2024.7,2062.3999,1994.0,2051.2,210654,2051.2
2025-11-20 00:00:00,2053.2,2065.3999,2015.0,2031.2,35923,2031.2
2025-11-21 00:00:00,2026.0,2049.0,1977.2,1994.4,29516,1994.4
2025-11-24 00:00:00,2050.0,2090.0,2029.0,2051.2,156322,2051.2
2025-11-25 00:00:00,2060.0,2214.0,2057.7,2178.3,264158,2178.3
2025-11-26 00:00:00,2188.3,2195.8,2040.0,2063.6001,161316,2063.6001
2025-11-27 00:00:00,2074.8999,2090.8999,1997.4,2063.5,164562,2063.5
2025-11-28 00:00:00,2065.8999,2094.0,2050.8,2069.6001,78544,2069.6001
2025-12-01 00:00:00,2060.3999,2149.8999,2052.5,2071.3,93062,2071.3
2025-12-02 00:00:00,2102.8999,2150.3999,2092.3999,2140.8,77959,2140.8
2025-12-03 00:00:00,2154.0,2154.0,2105.0,2122.0,35207,2122.0
2025-12-04 00:00:00,2125.0,2141.0,2095.0,2111.8999,37345,2111.8999
2025-12-05 00:00:00,2099.6001,2155.0,2080.0,2147.5,49799,2147.5
2025-12-08 00:00:00,2151.0,2181.0,2064.0,2103.0,85726,2103.0
2025-12-09 00:00:00,2100.0,2164.0,2075.1001,2141.2,50719,2141.2
2025-12-10 00:00:00,2173.0,2183.0,2145.0,2152.7,38188,2152.7
2025-12-11 00:00:00,2150.0,2159.8999,2120.0,2149.1001,38980,2149.1001
2025-12-12 00:00:00,2149.1001,2239.8999,2149.0,2227.6001,73022,2227.6001
2025-12-15 00:00:00,2210.1001,2239.0,2190.1001,2230.0,65036,2230.0
2025-12-16 00:00:00,2218.0,2234.0,2194.5,2207.2,39233,2207.2
2025-12-17 00:00:00,2207.2,2229.0,2203.0,2218.2,28100,2218.2
2025-12-18 00:00:00,2210.8,2222.0,2130.0,2166.3999,86271,2166.3999
2025-12-19 00:00:00,2188.1001,2205.0,2160.0,2175.0,48946,2175.0
2025-12-22 00:00:00,2178.0,2274.0,2178.0,2255.1001,159693,2255.1001
2025-12-23 00:00:00,2280.0,2290.1001,2245.0,2281.3,61265,2281.3
2025-12-24 00:00:00,2289.0,2312.7,2270.1001,2300.5,58199,2300.5
2025-12-26 00:00:00,2317.0,2430.0,2113.7,2215.6001,763933,2215.6001
2025-12-29 00:00:00,2259.0,2259.0,2169.3999,2174.3,168460,2174.3
2025-12-30 00:00:00,2176.0,2195.0,2161.0,2175.1001,28281,2175.1001
2025-12-31 00:00:00,2175.0,2235.8999,2168.3999,2229.3999,63993,2229.3999
2026-01-01 00:00:00,2222.0,2260.0,2217.5,2249.6001,26002,2249.6001
2026-01-02 00:00:00,2269.0,2269.7,2191.0,2207.8,72929,2207.8
2026-01-05 00:00:00,2200.1001,2212.1001,2176.0,2188.5,52137,2188.5
2026-01-06 00:00:00,2188.5,2241.8999,2180.2,2197.6001,18686,2197.6001
2026-01-07 00:00:00,2182.0,2222.5,2181.8,2214.7,34116,2214.7
2026-01-08 00:00:00,2216.0,2220.0,2177.0,2183.6001,27103,2183.6001
2026-01-09 00:00:00,2198.0,2198.0,2165.0,2175.1001,36023,2175.1001
2026-01-12 00:00:00,2162.1001,2194.8,2162.1001,2185.5,43196,2185.5
2026-01-13 00:00:00,2172.6001,2197.8999,2172.6001,2188.6001,24536,2188.6001
2026-01-14 00:00:00,2190.6001,2229.7,2189.5,2224.2,49352,2224.2
2026-01-15 00:00:00,2224.2,2224.2,2224.2,2224.2,0,2224.2
2026-01-16 00:00:00,2217.6001,2222.0,2180.0,2181.3999,20452,2181.3999
2026-01-19 00:00:00,2181.3999,2191.3999,2171.1001,2174.0,25451,2174.0
2026-01-20 00:00:00,2171.0,2200.0,2154.3,2169.8999,38393,2169.8999
2026-01-21 00:00:00,2164.3,2179.8,2150.1001,2175.0,73457,2175.0
2026-01-22 00:00:00,2165.0,2219.7,2165.0,2205.0,17434,2205.0
2026-01-23 00:00:00,2175.0,2309.0,2170.5,2176.3,149831,2176.3
2026-01-27 00:00:00,2199.0,2213.0,2132.1001,2192.8999,48593,2192.8999
2026-01-28 00:00:00,2205.0,2210.0,2184.5,2199.3,21501,2199.3
2026-01-29 00:00:00,2190.0,2202.3,2184.3999,2192.6001,11129,2192.6001
2026-01-30 00:00:00,2190.0,2221.3,2176.5,2212.8,43964,2212.8
2026-02-02 00:00:00,2181.0,2214.8999,2181.0,2211.3,13051,2211.3
2026-02-03 00:00:00,2290.0,2290.0,2188.0,2192.3,89930,2192.3
2026-02-04 00:00:00,2192.3,2220.0,2185.0,2202.3,53485,2202.3
2026-02-05 00:00:00,2202.0,2212.2,2190.5,2198.3,11328,2198.3
2026-02-06 00:00:00,2198.0,2225.8999,2191.0,2206.2,30455,2206.2
2026-02-09 00:00:00,2226.0,2228.3,2195.1001,2207.8,32304,2207.8
2026-02-10 00:00:00,2211.0,2252.0,2206.0,2214.3,54551,2214.3
2026-02-11 00:00:00,2214.3,2230.0,2201.0,2211.8,11654,2211.8
2026-02-12 00:00:00,2223.8,2223.8,2194.7,2206.6001,11929,2206.6001
2026-02-13 00:00:00,2208.5,2229.8999,2187.7,2218.3999,42364,2218.3999
2026-02-16 00:00:00,2205.1001,2234.0,2205.1001,2218.8999,24604,2218.8999
2026-02-17 00:00:00,2248.8999,2248.8999,2207.0,2219.7,143496,2219.7
2026-02-18 00:00:00,2230.0,2241.1001,2224.7,2231.3,43761,2231.3
2026-02-19 00:00:00,2239.0,2239.0,2216.3999,2230.6001,20642,2230.6001
2026-02-20 00:00:00,2234.8,2234.8,2215.1001,2219.3999,17419,2219.3999
2026-02-23 00:00:00,2220.0,2231.7,2205.0,2213.6001,64226,2213.6001
2026-02-24 00:00:00,2214.0,2228.0,2210.2,2216.1001,15489,2216.1001
2026-02-25 00:00:00,2232.0,2232.0,2210.0,2214.1001,29442,2214.1001
2026-02-26 00:00:00,2210.0,2224.8,2210.0,2217.2,8732,2217.2
2026-02-27 00:00:00,2213.1001,2238.0,2212.0,2228.6001,36332,2228.6001
2026-03-02 00:00:00,2196.0,2228.6001,2196.0,2213.1001,30991,2213.1001
2026-03-04 00:00:00,2200.0,2220.0,2200.0,2210.6001,73607,2210.6001
2026-03-05 00:00:00,2219.0,2234.7,2210.0,2229.2,50891,2229.2
2026-03-06 00:00:00,2230.5,2236.8,2214.0,2227.5,38885,2227.5
2026-03-09 00:00:00,2220.0,2222.3999,2161.1001,2212.6001,102323,2212.6001
2026-03-10 00:00:00,2215.0,2225.0,2211.1001,2213.1001,25450,2213.1001
2026-03-11 00:00:00,2213.1001,2221.8999,2210.0,2212.3,15790,2212.3
2026-03-12 00:00:00,2213.0,2219.0,2211.0,2215.1001,14973,2215.1001
2026-03-13 00:00:00,2215.0,2226.1001,2205.0,2210.8999,133197,2210.8999
2026-03-16 00:00:00,2210.5,2218.0,2206.6001,2214.5,17430,2214.5
2026-03-17 00:00:00,2205.0,2230.8999,2205.0,2226.7,29647,2226.7
2026-03-18 00:00:00,2224.0,2224.0,2205.0,2215.7,39654,2215.7
2026-03-19 00:00:00,2210.0,2222.8999,2197.1001,2215.3999,85655,2215.3999
2026-03-20 00:00:00,2221.8999,2227.0,2205.0,2205.7,16847,2205.7
2026-03-23 00:00:00,2200.2,2210.0,2179.0,2202.0,85485,2202.0
2026-03-24 00:00:00,2215.0,2215.0,2182.1001,2188.2,37590,2188.2
2026-03-25 00:00:00,2181.1001,2209.6001,2181.1001,2187.5,31166,2187.5
2026-03-27 00:00:00,2194.2,2194.3,2167.0,2176.0,25612,2176.0
2026-03-30 00:00:00,2178.0,2185.0,2150.0,2164.0,62196,2164.0
2026-04-01 00:00:00,2165.2,2185.3,2160.1001,2175.1001,59485,2175.1001
2026-04-02 00:00:00,2170.0,2182.6001,2155.5,2176.5,48114,2176.5
2026-04-06 00:00:00,2156.0,2221.8,2156.0,2216.1001,112372,2216.1001
2026-04-07 00:00:00,2219.0,2222.3999,2205.0,2217.8,74909,2217.8
2026-04-08 00:00:00,2222.3999,2245.0,2220.0,2227.5,56793,2227.5
2026-04-09 00:00:00,2212.1001,2229.6001,2212.1001,2224.3999,18025,2224.3999
2026-04-10 00:00:00,2239.0,2239.0,2220.0,2222.6001,40348,2222.6001
2026-04-13 00:00:00,2216.0,2232.8999,2216.0,2228.7,21211,2228.7
2026-04-15 00:00:00,2238.5,2255.0,2228.0,2250.6001,255744,2250.6001
2026-04-16 00:00:00,2268.0,2268.0,2237.7,2243.3,138528,2243.3
2026-04-17 00:00:00,2243.3,2250.0,2236.0,2243.6001,35054,2243.6001
2026-04-20 00:00:00,2245.0,2245.0,2235.0,2240.0,46722,2240.0
2026-04-21 00:00:00,2255.0,2258.0,2235.0,2247.8999,55336,2247.8999
2026-04-22 00:00:00,2248.0,2248.0,2235.0,2243.5,21771,2243.5
2026-04-23 00:00:00,2230.0,2246.0,2223.0,2242.2,42576,2242.2
2026-04-24 00:00:00,2248.0,2248.0,2230.0,2234.7,34368,2234.7
2026-04-27 00:00:00,2247.8999,2247.8999,2235.0,2239.6001,14403,2239.6001
2026-04-28 00:00:00,2240.0,2242.8,2232.1001,2237.8999,11956,2237.8999
2026-04-29 00:00:00,2241.0,2243.0,2233.3999,2237.3,23725,2237.3
2026-04-30 00:00:00,2235.0,2239.6001,2226.7,2236.2,18014,2236.2
2026-05-01 00:00:00,2236.2,2236.2,2236.2,2236.2,0,2236.2
2026-05-04 00:00:00,2245.0,2245.0,2238.0,2239.3999,38314,2239.3999
2026-05-05 00:00:00,2239.8999,2245.1001,2232.5,2241.3999,20462,2241.3999
2026-05-06 00:00:00,2251.8999,2345.6001,2231.7,2322.6001,73961,2322.6001
2026-05-07 00:00:00,2350.0,2673.7,2350.0,2634.8,566223,2634.8
2026-05-08 00:00:00,2700.0,2740.0,2526.0,2548.0,102152,2548.0
2026-05-11 00:00:00,2526.0,2595.7,2470.2,2552.2,47049,2552.2
2026-05-12 00:00:00,2562.2,2585.6001,2455.0,2460.6001,17960,2460.6001
2026-05-13 00:00:00,2431.3999,2597.6001,2431.3999,2512.8999,49259,2512.8999
2026-05-14 00:00:00,2520.0,2561.3,2499.0,2547.1001,16524,2547.1001
2026-05-15 00:00:00,2575.7,2750.0,2517.8,2653.8,96296,2653.8
2026-05-18 00:00:00,2675.0,2826.8999,2601.6001,2805.8,150266,2805.8
